glon,glat,RA,Dec,Name
147.89807295886055,58.07794665223408,170.28422202803398,54.45365346789473,field_0
318.8911883758125,59.3662681923027,200.92098451769,-2.502631094429668,field_1
239.4334378081148,-71.52851251938837,32.84413793060199,-33.939453788392704,field_2
226.045702509992,-30.479546985953743,79.5137317942827,-23.910584206450565,field_3
137.48542247318233,46.44981352919192,165.93834401368136,67.5182292532177,field_4
307.5283070227732,50.04829938407303,195.88337855553848,-12.71547043436112,field_5
318.3349763265788,51.06329587849021,202.63808365713484,-10.63491281303099,field_6
164.3585025620962,-65.29610003906208,29.065708378448093,-7.779499242728992,field_7
95.01236643304536,-31.123873434119385,346.387814686209,25.944768511905696,field_8
269.4274895433171,35.6944083560326,164.42900310865585,-19.672828704330414,field_9
145.0294558407262,-54.77616397230346,25.45903278084401,5.918798546196482,field_10
320.5873809491962,-79.31538979679522,8.808544113644464,-37.25131149562517,field_11
225.79852156894663,30.329228791123867,135.40717374827975,3.3937149015390866,field_12
297.3414760690103,-73.00745736755268,15.128556104521545,-44.022138722747016,field_13
100.5018421087461,40.574663419543874,241.10183884360467,67.13836529617585,field_14
20.5477605392634,44.02520962941473,238.4141500686117,10.349613205641012,field_15
204.9484915956916,51.222171304395296,149.3842039878157,25.651211808849897,field_16
333.2581302357254,57.55153726486095,208.58404498873773,-1.56900695922991,field_17
140.75848426958743,75.29801153512634,186.9504464366444,41.00168212051244,field_18
150.75362545224272,41.87632966753731,143.07328365940788,62.930121473436095,field_19
253.4340742591935,84.16124993462176,188.02987448947263,23.25450408185956,field_20
186.5122843261409,-49.60239743697787,48.507157585208766,-5.199452412906738,field_21
153.6640255348188,53.32426648564154,160.3908621512408,55.34970716536038,field_22
39.78956400183791,36.85258953178008,251.18325011359963,21.00890691166781,field_23
196.4519157791597,48.369463057860784,145.1411545430782,30.56703282085248,field_24
245.802558082654,59.24657364022322,167.13425019361833,8.329390111236707,field_25
147.87792140812675,42.03445452655546,145.53620009835234,64.77991177456624,field_26
229.63059147427472,-44.29108411666616,65.27513207915663,-30.09700461340388,field_27
234.5790177966973,59.03613748243856,163.48864087987516,12.83179388983215,field_28
96.78346688870616,-60.26227306903917,0.2326706793499007,0.0198786381967957,field_29
295.1141648606767,-44.76641370754034,30.374477668631705,-71.2832003318486,field_30
156.78657663927672,33.251567383802225,123.04994754923727,60.239278434551466,field_31
67.89125656931904,-49.65945452535512,340.8131233403672,-0.9995414119370032,field_32
242.8513256921043,82.68260084599328,185.95559313371865,23.311590414262795,field_33
175.49276526397975,-47.21213047715607,45.51892426889078,1.88459985643674,field_34
350.6130065466873,-30.88027665791899,299.80112461604784,-48.4417691476208,field_35
152.96100310564933,46.68062716110201,150.50960820887326,59.35899273511228,field_36
194.5519105745944,43.84435428275831,139.70123730671034,31.215428442575163,field_37
202.301878821012,41.30791606339087,138.24051846347655,25.107617187681065,field_38
86.67165227804492,35.58459430304375,258.39250051072406,58.09853636809849,field_39
198.2109264512656,34.40145687397569,129.89472258033248,26.37390924693227,field_40
228.5888645845283,-32.70618070461918,77.88719886326807,-26.64674351501895,field_41
330.8857801327211,39.621283526080575,215.2186704361143,-18.346721450163194,field_42
10.31603771955036,-58.64487461606248,337.1726209918139,-34.57439834416675,field_43
345.85947988587304,37.67227656450482,226.5639999679714,-13.717330560162742,field_44
67.6419296033977,54.519936857176525,232.59275309898425,41.71766819613336,field_45
194.7412658199177,-60.51437834037805,41.82504118871665,-15.080263289770608,field_46
63.41862181549013,-42.024842729595306,333.0345458724944,1.7281831906516685,field_47
250.3888136243864,32.75672309922177,149.81452935662793,-12.032414677851822,field_48
290.3125987343996,-59.53304580923092,24.42130676571186,-56.44773967693274,field_49
195.2418680746555,30.746341078884328,125.16540165134592,27.745292114312623,field_50
307.95237666640094,43.673504821322574,196.6990246861067,-19.04848121156776,field_51
243.8340124483502,-30.59373903162542,84.06410672241941,-38.72033045325063,field_52
127.15071679734368,-42.04154001210885,16.208164662190143,20.72045968661362,field_53
264.24529473655065,66.01840558663612,178.00453364013703,7.716059112392074,field_54
109.17006505808808,-34.562959476541465,0.1643628303227323,26.948123798912807,field_55
37.80397967677831,-42.40597006767487,323.37853804800585,-14.577733270365709,field_56
229.784518618168,56.67694562570275,160.07401850243636,13.84345386414704,field_57
214.38635860708533,-47.83777708675928,58.68590011086495,-20.68069912662828,field_58
167.31568071947362,45.94883573058671,143.20233097588022,50.35112270446901,field_59
305.34595252586,68.0625560782337,193.7648580014279,5.207783620641403,field_60
212.7916767020084,41.4540453264212,140.99173262047577,17.66810424289204,field_61
296.56594178423103,-74.63518435661798,15.138832542717898,-42.38018311804949,field_62
166.7720444108245,-38.36279079977254,46.693322015973386,12.72848669327372,field_63
283.6564208748427,33.0419655867414,174.74840910292275,-27.103736956675228,field_64
186.81731075541973,-47.56782736311181,50.26306327697848,-4.142334017203826,field_65
337.0490189938649,46.88811510307755,215.7537742674807,-9.827377445123217,field_66
98.47773197424708,-46.09592249160236,355.6893838399023,13.489288866494716,field_67
323.64104771016065,76.93287856409101,197.6036511556927,14.830372585436468,field_68
280.7911941368823,39.66266113922635,174.86437743170626,-20.09435174082417,field_69
61.64266238806059,-78.95367843318976,2.457899487985864,-21.44561629655866,field_70
49.11413849039405,-81.73635869496441,4.130493426607134,-24.5571058295064,field_71
44.66185958361015,-37.11623900120984,320.90380532914764,-7.5202902683609265,field_72
199.01406500136443,52.45481273562136,150.0618628927368,29.47134790613485,field_73
332.6931079931157,63.80930996883712,205.5447781569236,3.90906054092123,field_74
42.68259855579038,66.57188849315324,219.3602430224772,28.575871779913243,field_75
321.9067216187938,-76.46958387951939,7.17612706230477,-39.80948171854921,field_76
285.00260766342154,30.617746929860427,175.08951513468668,-29.76730766370705,field_77
128.86727904540948,37.60948455468384,168.8433267097457,78.38852706856413,field_78
292.2750959584922,44.74799126505031,184.9455386728488,-17.467736893599298,field_79
91.31409223806376,-42.21186246601568,349.18329985510104,14.771996688978792,field_80
136.87651894794556,30.743327514231503,122.66830583494996,77.28254472041154,field_81
105.04481932930516,-36.788951621654,357.25153698737955,23.904790313980666,field_82
122.9365277609942,-33.854163716855595,12.863858415999731,29.01758494559367,field_83
61.48736740785815,32.913343162498165,260.67968264150875,37.22215844682325,field_84
289.9560164669784,31.03777015316509,179.95310900614734,-30.529856150691423,field_85
253.47580022849905,-40.35318761532003,71.68342007258806,-47.40186010149467,field_86
261.97503892359924,-37.05555031454839,76.301272367109,-54.209297067206926,field_87
47.13376397882131,38.01074460199518,251.8058175334197,26.92570381217136,field_88
171.34337576483094,-52.36043374272663,40.03742494173027,-0.0177969948765932,field_89
253.1888074736378,-53.00570738321776,53.57910103786487,-45.256470467858485,field_90
220.88729810745724,42.91440267615968,144.8216068728366,12.724951242103952,field_91
139.87177775167223,-36.10751393063796,27.886279299563142,24.779184754694,field_92
254.62680597584333,30.157532711818856,150.55241467365548,-16.426428366105334,field_93
72.84834963990362,-55.97721417704535,347.3997376861043,-3.3476956239035,field_94
239.30286718178152,35.422675149295934,145.86209170319177,-3.3165447440456868,field_95
13.599099967904277,-41.605481431816365,316.9799593586975,-31.53914349241424,field_96
93.21539102067683,39.32492047086011,248.9615534550836,62.48468456625994,field_97
171.48484002451394,42.10491473471283,136.6955973836291,47.97071580715997,field_98
13.01877358046436,-41.73641181574698,317.0467072567266,-31.988403267947195,field_99
49.086569624969904,-51.191001790186185,334.95047563040765,-11.544518153182343,field_100
242.045737048714,-39.42079769386079,72.59832382898844,-38.61353429778907,field_101
126.96971835677296,35.585708128991826,171.70636871024345,80.86925115078469,field_102
16.50092043608985,70.93449572924627,212.38922585350625,20.41025254739903,field_103
189.4912250832292,64.85253772829219,164.70630016301146,34.278228755756466,field_104
302.0279201012581,-44.15613714488349,15.072755146519013,-72.95657129460243,field_105
46.33246408636087,30.72902303021701,259.3399354531562,24.223593534724284,field_106
8.584347244128171,-57.34632020660267,335.6709598757716,-35.58341320200652,field_107
96.7642507450456,-41.40017615771529,352.58614603091337,17.314512343481926,field_108
242.37798202654764,-35.76778165597858,77.27397243563543,-38.42759146243558,field_109
13.824900833656027,-64.11734477746886,343.5769637968506,-32.50784827029619,field_110
230.3740549881801,73.67166388113245,176.1331901500029,21.259527369381072,field_111
123.92953189756317,-55.101067122901824,13.43551061593292,7.766218516011098,field_112
40.285871373133055,-30.635996916775227,313.4134066383465,-7.72070569010551,field_113
93.47241569584683,40.40343858847589,246.6173698158177,62.33172851473255,field_114
343.1584464625107,32.86923422914271,227.83294689721,-18.85955245761144,field_115
18.40742476073615,-51.40339702020077,328.8083429390239,-29.710598141623404,field_116
109.75221032644129,-35.76279058378785,0.9915383481107508,25.891083330859846,field_117
239.3542269720137,-39.52684907621076,72.17306174592088,-36.56075854160181,field_118
311.8418290859554,51.52489925161701,198.4922665825828,-10.956643076065651,field_119
6.195213289277017,-55.58754684650947,333.6342880176399,-37.04669840349659,field_120
256.3446322414117,69.39924016778394,177.69937176406984,12.217112960367748,field_121
253.9486625799931,-54.44339257542234,51.43902639094107,-45.28447668566729,field_122
297.00992193658175,53.75415308425509,189.3189463273695,-8.954674786951008,field_123
111.4499786161188,65.34027712752233,200.46036363604856,51.1048105759166,field_124
212.4895951441316,-82.87916737398285,20.845639488471768,-26.84735182281002,field_125
145.645659938791,-35.68007696476318,32.8803945459952,23.63461319718049,field_126
23.402343468372298,78.6221288278289,205.22565892886405,24.70553344016649,field_127
51.77658896941019,-48.323310729369055,333.3332945301703,-8.594027008599266,field_128
29.24701953775897,-58.27406789367676,337.5751817170734,-24.70371744160937,field_129
347.12988015052423,41.06342281179579,225.1704849664477,-10.46042208285942,field_130
313.1373856178724,47.75714516648082,199.92829441316084,-14.5535319822375,field_131
11.943885640912551,81.17834222574125,201.85484587982992,23.68471019835213,field_132
223.52666632718365,32.04137010957061,135.96273183199656,5.923852206931711,field_133
130.08018848311866,-35.849915827194664,19.33991916211159,26.66178292060079,field_134
153.88470479185537,-65.77123189880908,25.11029779983134,-5.888702902899535,field_135
176.9852758631409,48.54792346759155,145.28784018015722,43.44227752982541,field_136
69.97872222427743,-48.1956832991687,340.7110057685631,1.0035967988834666,field_137
353.7731020479349,82.77512614278703,198.91572129535464,22.43801461936288,field_138
134.36553106709414,61.6215866046613,183.4834928381448,54.66629891749157,field_139
349.0200277537242,-68.73478925146038,352.7777794001972,-40.45157006038068,field_140
313.13569337728626,38.751835459641285,201.51946713196887,-23.432614518180333,field_141
144.26614240295842,49.66104220406133,162.58644798149265,62.15112620849876,field_142
338.551194981674,82.9609486998218,197.2539824885912,21.33916881147689,field_143
281.43633431362974,78.64514624180224,188.5442915010792,16.50034412065945,field_144
62.04314578357364,49.82192715174733,239.2544541373104,38.88344565436656,field_145
229.5559659194365,-33.0126104343722,77.81167702545659,-27.512372703111925,field_146
20.8456943878385,49.28064899102712,233.7435741212658,12.945908223557469,field_147
211.30754418842884,-39.4787352408909,66.12474338828387,-15.690329464695653,field_148
221.5954229651276,-30.085521497390697,78.53268415409943,-20.15617151483478,field_149
171.10722672265274,-43.5732388540408,45.78399627241045,6.642855025807468,field_150
194.705362453696,58.68229164533186,157.12473340006142,32.292127625570096,field_151
275.218142484886,57.97093783824954,178.5734741115549,-1.7927063717747185,field_152
244.08754465468948,74.12397626086107,178.59170361692654,18.21791848103552,field_153
276.07980266079005,-73.35340869257406,22.828638950189067,-41.6314056568997,field_154
332.2077455740962,37.754848340855325,217.0819480941031,-19.547744477886663,field_155
20.37691287176437,58.30498233172235,225.21998814657795,16.638487209861996,field_156
119.39908138887336,69.29986322343832,194.7168927663349,47.77739173896464,field_157
66.19175373171589,-63.24791361796037,350.3280938100032,-10.804971516119677,field_158
144.37064705241457,-46.41138561874814,27.90901288933864,13.939347542847722,field_159
97.3506099514477,-53.21501872219447,357.771329077232,6.632634651867258,field_160
339.3330731130595,-49.2850838087878,331.2060893649912,-54.3784724331608,field_161
254.0865271324112,58.67419233967928,169.72586377522106,4.876454156863869,field_162
57.87409605210024,50.10878050708734,238.96322285524337,36.196663522132965,field_163
190.28037638158105,-66.96526179142519,34.994492067869004,-16.589336164387106,field_164
128.36199504320578,49.91456420850464,183.94790749944488,66.83618019952034,field_165
85.77065993302877,73.47219674666121,205.76730040245465,39.71101469566201,field_166
268.7024991700511,78.04507084617559,185.8580655176885,17.077888647846336,field_167
302.2340134070365,-43.34840401569546,14.675565090769902,-73.77000196107161,field_168
310.0116564866392,50.886329078192674,197.4143496961217,-11.734797940623023,field_170
194.9137831280456,58.13892892641937,156.4828175606235,32.18099558885695,field_171
262.9950876415854,-68.43266012017358,31.509720801426912,-42.44680243434002,field_172
314.5130995217296,43.97525458451464,201.6023819492925,-18.10867488289923,field_173
10.152747573307298,-56.22502203730991,334.2397034320284,-34.79157292824453,field_174
264.3960183796054,31.675378122812447,158.34001704681376,-20.672262780045376,field_175
325.9218122450516,-42.77381941473228,328.8006940299799,-65.65228388556065,field_176
178.49127709899014,39.37776020598146,132.6734032521017,42.715433610944864,field_177
92.7913056650498,-71.26698723239157,3.415522760807412,-10.640488583269269,field_178
207.98355743609096,34.845387639575016,133.07782731953532,18.87692149795201,field_179
220.55952464186817,-38.843732237479145,69.35408001393905,-22.20987078727896,field_180
348.3016676014566,50.09200678217633,220.0641487129924,-2.943680108301421,field_181
157.04806402661902,-53.28901024958193,32.506370156772924,4.296220608901018,field_182
26.555762823473536,57.70941879511361,227.12113160831808,19.43062204636374,field_183
350.8708151834886,48.44197500275017,222.41327700599453,-3.1136102797175846,field_184
148.43085434088633,46.26773309300652,153.16865992620475,62.226274583908754,field_185
292.0609135930076,-62.24777953254034,21.482777803226025,-54.14643434151849,field_186
246.5097394065016,-63.586949853471936,41.278125991562135,-38.8544954496408,field_187
88.76247455951113,-54.73518169256157,353.9107933392521,3.028578392378128,field_188
0.0247637535590339,-64.94727981666416,345.97952211120355,-38.15772127762926,field_189
48.96580449948846,59.88294661765693,227.17095255327632,31.18288993623576,field_190
39.49223244994122,-32.73118985236829,314.99882175704647,-9.265787600259369,field_191
158.02353060496304,69.53889413520876,176.91495531893483,42.98289658828264,field_192
194.4189086262647,50.49386001121636,147.44474717811767,32.11290006366425,field_193
114.43084020932334,-30.24144071372331,4.192706982333772,32.057416419251474,field_194
318.99075650478136,38.033517137465125,206.5640661761324,-23.122818404590944,field_195
145.3625371762205,51.83481214717942,164.63560495931435,60.09488773702129,field_196
318.7962830680583,54.356538972914,202.1027238610611,-7.372410940032823,field_197
313.3893970867296,-38.09755052159976,336.8100456596642,-75.95272473524349,field_198
140.571086895131,-40.0213325412954,27.23953385682667,20.87205606262786,field_199
205.99947781667103,-30.506968532141727,72.58767575995388,-7.985759071772029,field_200
272.3413733022906,41.66827059008084,169.61113245341872,-15.613964838799308,field_201
188.5401748926518,46.93959112046181,142.85456624816186,35.73965705626955,field_202
116.32395965043814,49.68994456227137,203.78565519775617,66.87381316493502,field_203
96.8100780243988,38.97333877893952,247.6578507047374,65.23509359948531,field_204
25.50052789400637,41.57879456525194,242.3044268060825,12.503896430420715,field_205
241.40823536515555,-30.732214422428303,83.33475362939005,-36.71031698734711,field_206
27.63579684634074,-74.50511186217781,355.41219936289474,-27.474705205949245,field_207
64.2362564638494,64.64083669410488,220.36638787577849,37.59654694813028,field_208
108.06444424552232,38.31031199013653,237.21612685509112,73.26300328801678,field_209
273.8825893860047,35.2725030926857,167.57912757866958,-21.831583758834803,field_210
287.7357563126347,51.9237715027424,183.41665485955696,-9.830037810509404,field_211
182.23817189947445,36.14661770412192,128.74842258928237,39.48011521091346,field_212
150.55856947488303,-59.25108936049787,26.574822801501632,0.6458211994838832,field_213
218.21176432477367,-51.58664180588265,55.52519692775763,-24.08996464041332,field_214
343.4969632449102,61.06155544482554,211.24942034774145,4.123554657709947,field_215
206.97589878291188,37.95090913363418,135.8955505833968,20.68591604523528,field_216
227.07800319472065,47.46711249707106,150.98192138610364,10.8927327485347,field_217
278.8688730465028,61.42241646185639,181.61149343378656,0.6705847914826437,field_218
258.39957953258926,50.18000888940326,166.12788350779587,-3.213300415050351,field_219
206.2264291536348,42.22224772130747,140.0788542402378,22.54335015938013,field_220
345.686860520706,-32.45722468666391,301.66966280926465,-52.76111025753861,field_221
18.115733887717447,39.51008538091332,241.51920968753527,6.5757820374590645,field_222
188.56536723258125,44.7147955190971,140.12390210611196,35.57360479875714,field_223
275.50242582438045,65.77765580874865,181.91847772263688,5.2640547950267775,field_224
97.6185072594174,30.032725866318305,269.40242157802567,67.62829462030967,field_225
18.54598872436077,73.27951558628965,210.33929009212383,21.906187319100248,field_226
95.93482951386956,-42.45344170952183,352.45744866561165,16.1000439244835,field_227
161.06087944799668,45.96182147864788,145.1530258143454,54.53317373222724,field_228
289.9335260411095,-47.3993189449309,36.109175360593056,-67.31332873572208,field_229
164.2067284475202,-62.017225495857375,30.963938410859463,-5.0965451076320125,field_230
103.97461786565748,68.403208733528,202.9965162733108,47.20464064203346,field_231
332.7554121238447,36.16114398949917,218.28777724982305,-20.75188954949937,field_232
103.62560679327676,31.220557845763565,264.5986084191506,72.67859659178254,field_233
184.4426733583784,-48.06247375965683,48.89572634068551,-3.1804101050388853,field_234
75.72255783273327,54.00542182077177,231.575828259427,46.406127071245294,field_235
102.33229597960624,42.57157527736352,234.8602419154689,67.2184987315658,field_236
282.89089225899914,-39.76590148322335,60.52165320355815,-69.1232403288046,field_237
95.13599584046364,-32.734844661567045,347.3099439119767,24.56247353451268,field_238
179.82598710803563,-36.023105205668266,55.92531648052736,7.179587054597167,field_239
327.4532965177033,31.69684453249452,216.1430356064071,-26.70226992182744,field_240
232.0284615595272,-86.20641868878272,16.931780557283226,-28.31046760691653,field_241
270.7199522210105,42.99300066328109,169.18021724461127,-13.876780408778068,field_242
303.12560988417334,64.02633316944572,192.944326970274,1.1547119859887658,field_243
321.17284766407914,39.9779397893059,207.72465841202265,-20.77833716649188,field_244
280.7643384044213,53.42637223574853,179.76244424173555,-7.1755244603488855,field_245
321.4398767218341,-37.16982688583569,320.22537803168643,-71.44202754411084,field_246
347.25454554310005,56.1546260942256,215.76764795314787,1.3806867134067509,field_247
120.1658279417404,-32.346555823312485,10.14829184946098,30.46694110026682,field_248
331.3718907000709,32.27843160740124,219.17085841619672,-24.71674157082205,field_249
309.4438431885618,-59.342457530360285,6.685566908688479,-57.47246740395469,field_250
232.59885156714765,-40.229962984087415,70.37993685845768,-31.545590020672773,field_251
114.39012860996937,-43.29063841442967,6.287998125673546,19.144719783848736,field_252
303.9317779523504,-78.71611530082639,12.609815856065213,-38.41019702992253,field_253
357.15109469065067,-62.56812225981266,343.5995280371151,-40.12376857926365,field_254
113.7987717016706,-52.416566347678334,7.2169556167333395,10.054484477028335,field_255
142.77291314675836,33.08958241682812,126.84737644508934,71.86562704798486,field_256
333.32261810200407,-45.63794559709485,328.4649901329648,-59.628733715423024,field_257
275.42321603381424,-38.7083657486972,69.09429403869377,-64.30648962668009,field_258
190.24676767497544,-31.05629041358511,65.2096008832554,3.3713097713675184,field_259
21.159343463028428,-32.4384527666383,308.6290327891034,-23.442972920365552,field_260
131.72586452531382,56.251663470511176,183.0195000522849,60.19950714373088,field_261
255.94842470123885,51.821379855518735,165.9871828881132,-0.9654948531000148,field_262
221.17457627797333,51.26684925122,152.75160847708406,16.013502486467047,field_263
260.86852137176913,71.02544644228945,179.96717061596718,12.496011117610928,field_264
182.49227096822284,-84.75632392881178,17.822471134762896,-24.385090591242687,field_265
69.56580669692967,62.45485681512524,222.0860052518904,40.53268837375517,field_266
174.30782452525122,52.138326451549055,150.61253832180046,44.504253254233376,field_267
128.28000358764712,36.14346577442922,167.42942989316978,79.90488395943052,field_268
221.43678512411785,-59.47598054933077,47.30367606185476,-27.36409469437025,field_269
20.13752195132043,-42.90784278905892,319.5370352992104,-27.0522204326024,field_270
56.56726599849871,-47.84150887001319,334.69736898490174,-5.654662984084093,field_271
127.94134604953962,39.82881708442969,175.9940057772773,76.63610645075623,field_272
244.31115012315468,39.48011589348526,151.52351016059887,-3.885739333499469,field_273
344.3942262781184,59.668961927099446,212.42661280158865,3.254050664069285,field_274
297.7140711578904,-57.15311900665995,18.47806736592423,-59.74686632699518,field_275
318.71780357353094,66.28730386423783,199.1572518411151,4.190676920031537,field_276
333.1986720768016,44.6247050437899,214.4717073263279,-13.107067992444394,field_277
77.35506985908057,-64.91174162734339,355.0268922754013,-8.558861101225483,field_278
89.91286894027964,37.1726930313492,254.6309518665337,60.47446828058333,field_279
167.01989924064415,52.59884766119905,153.10692242609366,48.63475905830998,field_280
166.4596347854119,-53.7465510682161,36.895497196386565,0.7953516522748119,field_281
17.2276351169017,-60.83778878478849,339.66620403011524,-31.035515348802093,field_282
77.51898331360418,-39.26643407052745,338.65251324471944,11.250284431974336,field_283
100.87917313591652,-37.74214034327816,354.1952081303386,21.9117392419909,field_284
227.20152565592377,62.13845068812553,164.50782165323162,17.494057955053666,field_285
30.22670487997996,-50.23880403466436,329.2380507425024,-22.17200935451536,field_286
301.70195547015146,57.86248781907768,192.202732352844,-5.002987177721733,field_287
356.688548318504,-62.941559002454106,344.1528138959296,-40.1979169166526,field_288
156.29966129670223,36.137268447220364,128.92686232626684,60.36367493619965,field_289
247.88214961662976,-38.004928663188,74.94534976936121,-43.03908618676818,field_290
21.95585121784084,36.705368387761446,245.4685539348768,7.85624015356183,field_291
167.63577651963848,-62.47605244778424,31.954437747076906,-6.433843877343151,field_292
191.9725389690245,-71.93766849360172,30.75427840365321,-19.56078207540052,field_293
265.2315064382073,30.872481679721115,158.45136210024833,-21.74173404138965,field_294
242.1500575809824,-80.36016821232077,22.72765095983692,-31.48620268966735,field_295
137.77763572647814,-47.09006565918774,23.243810100670032,14.580836511048142,field_296
251.1291164177984,-51.66852821907624,55.82826335301039,-44.34823641346301,field_297
260.3376907477979,68.24642483245606,178.08405518412644,10.410092177418436,field_298
92.87409474494092,-72.58622344167053,4.050851664125105,-11.803546032994994,field_299
336.4492461968747,-61.337601934837856,348.99153284799337,-49.11340311231941,field_300
311.63332664128035,37.242595297412606,200.50286899232304,-25.112047795191344,field_301
41.273238421035,44.93929378124777,243.14161943596864,24.423563827069795,field_302
342.6306558481953,-72.26956072555116,358.14781022783785,-40.005671201087296,field_303
139.5966304038191,57.38067931813514,176.12499735750902,57.52909906703916,field_304
239.7602546706217,73.88816627060024,177.6700722221292,19.062862740292424,field_305
41.69462461322319,-51.47344954313506,333.08423583930806,-15.79959573957856,field_306
328.01458775088355,57.90032170821972,205.8900518806309,-2.41056358488616,field_307
51.48265389019869,-32.65182679740825,319.8969914117855,-0.4366184755525119,field_308
351.43424514081534,-57.81700507349909,338.8992730018755,-44.42779279558508,field_309
310.6428559487528,48.79582091680104,198.08062223243817,-13.762994530216826,field_310
55.97631961079827,50.05722844786611,238.9990017096937,34.9781932668858,field_311
183.296403233063,-39.977590022209256,54.67306325422924,2.5372484751115203,field_312
24.11135826209032,60.50459986124554,223.87999057415416,19.250205701646525,field_313
83.81214122689049,36.59454579701523,256.9082878751303,55.71046760914832,field_314
172.7789197378018,48.98424501299448,146.51274980672866,46.1105734395105,field_315
7.410363547494292,49.04348426200431,229.30808510161344,5.337075536413452,field_316
252.4573480692144,-41.48799062628932,70.07161578396432,-46.58249045508372,field_317
169.63193457492534,-59.92395643412015,34.33884415728092,-5.089072603999544,field_318
246.1942759290264,30.46285944193424,145.63222157394495,-10.928115547108389,field_319
24.0294426226968,34.23392123537717,248.4711272442672,8.201654599948663,field_320
9.334557778882878,-65.49219902741518,345.48308900016264,-34.2418980738385,field_321
99.88000383134222,57.29716438004051,214.9126444909616,55.70549891475707,field_322
228.93234984658767,-40.81925187148231,69.07831937644393,-28.92848915873661,field_323
318.33747686044995,43.86567203862523,204.4517754728794,-17.61465359359552,field_324
113.09325541911916,-69.30292005540663,9.373364558438348,-6.697975895992127,field_325
67.17041111000623,-39.33947297873505,332.88236485770653,5.636748029723953,field_326
168.07385661239223,-35.47701710418465,49.41821715878999,14.274612206228989,field_327
115.70601578828486,-50.23907451238493,8.135284821555922,12.36736183512374,field_328
349.2344421543977,-48.77847812029817,326.967856104758,-48.42988688271494,field_329
147.70127813268982,-77.34718583288507,18.325385491334227,-15.539318121228035,field_330
129.4113318424642,-68.06468505073158,15.285927595447609,-5.315124230169904,field_331
234.7418555148064,-85.30394723122076,17.834777764239064,-28.784974284049515,field_332
146.98832946452814,50.014680233611216,160.55961092251312,60.6456947489575,field_333
303.6204614779189,-36.67406346357745,9.533778873897509,-80.43639641768927,field_334
84.28888491635415,35.45891226167597,258.88378895572407,56.17355265057186,field_335
134.81496745692922,-63.30617574991019,18.167711335674863,-0.925361530635892,field_336
274.97873889343543,-36.30826127913368,74.67536173197368,-64.62442056022832,field_337
352.96252345783785,50.90468499562826,221.76090819999305,-0.380371809199491,field_338
108.35597899943134,33.33410622560415,253.0706428676372,75.97927452159585,field_339
292.49892292456934,42.77004685606955,184.75537131661235,-19.444060077429164,field_340
48.76036546972254,-37.30846813875148,322.6943785122116,-4.777930455119074,field_341
69.55638815991901,33.31967063105631,261.5521045953165,43.95858488760034,field_342
212.8386256809163,-49.896792129579694,56.25817632069435,-20.35536859038418,field_343
310.55956810387204,-42.79590512020091,353.2258330952607,-73.14979666766199,field_344
238.6928855805997,30.062562502359583,141.2395995585701,-6.104848539764303,field_345
0.8678848106799286,-42.26885420042737,316.6386727548255,-41.019971538317805,field_346
239.9013440980664,56.90208021914462,163.31055528285472,9.299093578086234,field_347
106.28525285253984,42.2383972442824,230.51772842762435,69.68720455076131,field_348
20.357714353834115,38.88983070714664,242.92276093555688,7.785729839336003,field_349
141.24159017484772,74.37884288814158,186.34274904488663,41.80981578196031,field_350
299.0310742240661,42.96069105193473,189.825948013238,-19.81913362714129,field_351
69.13297355354908,41.536222884478086,250.1075795890568,44.092961334281966,field_352
239.62013909806817,-66.3929098544721,38.86262757902172,-35.30289330334828,field_353
128.0330771159986,38.99878037603089,174.4081308750511,77.38914844947254,field_354
349.62516514480586,-31.36380925966834,300.3794012250031,-49.33864100309668,field_355
224.42881209253548,-31.28016651545556,78.2031686050898,-22.85248444911359,field_356
324.02138315473405,58.404601330867536,203.7378243141808,-2.674155560814385,field_357
354.2828922480919,-62.25020249720818,343.8229371907847,-41.47906704570769,field_358
102.08710188245924,49.30225447934616,223.17151498386616,62.63018866854365,field_359
10.2119068429002,-60.87470646744043,339.8750061014793,-34.44624683690253,field_360
200.7295854229,37.49809569230855,133.82503388984716,25.2656892557726,field_361
84.12129952844222,38.15418298382952,254.1065647449985,55.79490873100223,field_362
80.9697389835503,-70.75470182779345,359.8250153219647,-12.261232061656033,field_363
173.21742900540417,51.63697149172867,150.13903877363524,45.27349254954528,field_364
176.58441915250876,61.43358685297572,162.3047639561729,40.74565715503617,field_365
341.3555270737003,-38.66109188152718,312.5808867822627,-56.027903558099055,field_366
315.2062259862156,37.56733225596733,203.51301582392728,-24.28664760055984,field_367
155.24476304640496,59.67968513335381,167.66847265516532,50.65402332724402,field_368
143.30384178283444,-33.0734957944688,31.92845764028522,26.76297766561708,field_369
124.57634895860974,64.23769617564025,191.6753443179718,52.87542902230238,field_370
169.33495212227052,79.30102060722469,183.50477041377783,34.193768135743525,field_371
167.6015585526986,70.09787515124293,174.6256772368205,40.1065061431604,field_372
225.7358103694915,59.42417355672711,161.61610416603276,16.992914018864756,field_373
80.04648840702775,-41.67418103169746,341.7190654536629,10.59722322559866,field_374
262.43548674700406,-75.61610677754199,24.604145299986968,-37.57621355666631,field_375
345.86290179782685,-63.895590260248696,348.18330943452645,-44.1222601655396,field_376
7.263163607824188,32.00784299509309,242.9520685502752,-4.888615219594108,field_377
132.60934021248502,67.03313131906339,187.0442585865209,49.65576548206681,field_378
206.8108428054847,52.88172448640216,151.4484724788389,24.88925689436822,field_379
258.8601040870517,59.04887607803623,171.85599744566613,3.565655784131148,field_380
60.53080069368462,76.84759187727312,206.6983904221391,32.53678731788062,field_381
201.64078265829977,32.973183035609345,129.32027001376375,23.22570693892296,field_382
39.57195476039459,32.83773663844789,255.15169937958987,19.49526129151502,field_383
284.1340449157647,35.87866517257792,176.17929168087548,-24.545717603487944,field_384
324.421293757963,-36.36973236319631,315.11036166885765,-69.58725884494432,field_385
23.288252041328853,-37.05704257049118,313.99968445120817,-23.188676169374645,field_386
301.8763733722094,-48.6707895059787,14.756785070568904,-68.44190461721189,field_387
291.6184562245756,-73.22093056278754,17.33819362169896,-43.51160630225921,field_388
230.86723804347795,82.19669576344319,184.698998541041,24.49102775502617,field_389
145.25099876356333,49.32107053633608,161.1078699058187,61.94029284795529,field_390
207.2412842182241,-55.61184042697109,49.34272385949514,-19.05339118896835,field_391
86.93216868337147,-62.460938734933286,357.04886845110394,-4.095344352879779,field_392
201.72860792979503,47.92250905711718,145.3049664840828,27.021613482007368,field_393
111.54693679285045,32.69588537643369,250.6696862310905,78.67960949005304,field_394
64.76581319644369,43.40207941725362,247.5760237785816,40.87252704852809,field_395
180.5116904436296,32.27342458536524,123.4769867195535,40.308855989969246,field_396
70.36056213860857,73.1413685348699,209.48312146487984,36.38849643393693,field_397
194.53754729088084,-37.14006604822912,62.09807237877273,-2.9481163582089085,field_398
266.2485234851852,38.04422033321505,163.50370575837428,-16.324355773515,field_399
214.41330455656387,-18.07771293178696,87.28022272049361,-9.40239410714202,field_400
112.1943592351424,-19.92575547592229,359.2681050699141,41.80969830517576,field_401
112.80145003112534,18.15451030171325,324.6197162595367,77.0524373789417,field_402
142.6399277757908,18.232348222349,80.88062784905117,69.79381519701282,field_403
60.35433760477732,21.706381047272533,273.626995719295,33.3301837388967,field_404
75.14709044904376,23.755182624755168,276.28821341573735,46.97165781612267,field_405
8.127157167964288,16.356124667331965,256.3639644616683,-13.2885862818007,field_406
80.79902611190616,-16.55392886757874,324.79588586496146,30.180990651487487,field_407
143.39155330839313,27.52105020679629,108.81983695546025,71.83961935306019,field_408
223.02028742833232,26.40761684948922,130.78348469714606,3.6218827545994894,field_409
12.84118875445114,25.238885211815973,251.33035952466145,-4.709566161947476,field_410
135.6442389069953,27.13807303439298,105.81726043688464,78.69152379764697,field_411
311.75788808064965,-25.615710742162896,274.0154594979488,-81.95110692929434,field_412
63.33117700598309,-16.811326603313717,312.9419691194746,17.41117459476097,field_413
319.89575743634424,-25.97367086491388,282.35412736279864,-74.79292282951515,field_414
6.475674419781754,-26.49805054801344,297.8987896045076,-33.93794618930154,field_415
110.16819450891728,27.704821479087865,277.01015103644824,78.66027029447854,field_416
204.8448927010777,23.15914910035536,120.59020206453565,17.124198069841235,field_417
47.14036681426315,-15.282564751930684,302.9777280473279,5.194388872290781,field_418
356.15881898854883,23.56378250179615,243.32430829598368,-17.822814463624532,field_419
292.5340376071836,-27.384072942252867,98.89237053987527,-80.75575808984483,field_420
90.0424524117973,19.23407628100344,290.45159893547657,58.85247981902476,field_421
86.89769187786537,21.028165597015978,285.44868004211094,56.6567668262622,field_422
167.51718207826735,-26.03832044735842,55.6026678717519,21.675861869090607,field_423
118.35252581133292,-20.49494846852493,7.068097153475039,42.17072678697863,field_424
94.5880102801877,-29.36946199794708,345.104238798578,27.321707963347222,field_425
234.24857507894689,-29.01334375776779,83.47172820444926,-30.270807228911814,field_426
102.80296674190528,-27.777400305181192,351.86848543216286,31.79143162170533,field_427
5.819093043919441,-20.973588150278456,291.3798724022778,-32.8163007026346,field_428
242.3902224077132,-19.741020416765306,96.62417973914818,-34.470457072918485,field_429
117.20166849991293,21.50725700405373,328.75037888132533,82.33031822587643,field_430
36.56074882829356,-29.644053297183685,311.0697061887478,-10.170456557376184,field_431
170.06206102621763,-23.10307406688514,59.590984911367,22.210376602697643,field_432
200.59906311607287,-23.00697695157288,76.91532025790104,-0.1859588850808747,field_433
118.93144008261672,20.902622354087256,341.6103347675365,82.78268639086926,field_434
116.80390216176296,-25.16553566356087,5.876260852322223,37.373620954632166,field_435
286.8850873956442,-17.63130293451151,132.19721173122707,-72.4104741792369,field_436
165.1808008112952,29.045127843682707,115.97972673785218,52.87536145341095,field_437
8.410957385732871,19.830129080668268,253.57729621933044,-11.115130639944658,field_438
17.71074903464922,24.638868721519017,254.1760465625276,-1.277222295325504,field_439
8.147788826115004,22.35543255667232,251.3224365932559,-9.881409994302988,field_440
296.1952634615862,-16.22774385123096,161.67354931951667,-77.43693965266532,field_441
171.29760322736828,20.65039349784648,105.34740900858408,45.569826570633936,field_442
254.99197390253104,-22.47219763505817,98.0344339754221,-46.48806413657599,field_443
299.5819710288686,-18.303559451420345,172.88936754237835,-80.65149013066247,field_444
234.34767883917576,28.67514286195924,137.9166459844246,-3.801953890404681,field_445
5.48258403753116,27.45677645601351,245.69841372956296,-8.847005980222471,field_446
261.8232291416713,-28.227878442607715,91.3234932544798,-53.75494735538175,field_447
136.03267624790135,16.53333646409431,64.41693115573204,73.89307839039033,field_448
62.31352680426624,17.40230349460751,279.2328920311237,33.575726589989216,field_449
119.76585964824878,24.323250684444165,326.6833664875806,85.99997680469501,field_450
134.99877945550526,15.4035953535055,59.02662331175732,73.7760426817647,field_451
26.59679316549717,-26.051027628867217,304.0212379784741,-16.767116955110964,field_452
3.2727716639800875,-22.9135577370783,292.6886435860878,-35.67480108594127,field_453
144.72319289358245,-17.812459660989834,40.48378334892031,40.33761249000416,field_454
185.3769071513653,22.83224629040428,113.3252666462295,33.806262818538265,field_455
134.45134605097593,-18.33807861303629,27.92705589607098,43.181499913548805,field_456
88.84923328517591,18.662455625583693,290.68970089407924,57.59364511787286,field_457
184.5390776352688,17.038005401245123,106.4963909746702,32.5634968516745,field_458
42.12595961580037,28.94810823844081,259.83994435274184,20.190232734294536,field_459
31.03924745335687,-15.454295329097125,295.8730323004197,-8.617478834503975,field_460
1.2141711659856649,16.50840462173163,252.23836714286548,-18.604868407063147,field_461
206.34509388549068,-24.601925723146778,78.02170735601598,-5.566978285072453,field_463
43.86848609286238,19.16523769964062,270.0737419315735,18.010337171769752,field_464
326.0101320621986,16.619374472819583,222.6346652102806,-40.854683464951584,field_465
101.07115629856855,17.146069277644415,304.61765283766846,67.4743720937359,field_466
163.4768049821776,-25.69476484244065,52.858347619921126,24.312960507173745,field_467
259.91994861933256,-29.04465426504187,89.59437340435515,-52.214082974986745,field_468
257.13478496519195,-29.126277612906456,88.91621333043197,-49.81646177015291,field_469
52.50283246161926,-26.430329329730192,315.136539917194,3.669367730771752,field_470
230.23273947062012,-17.510377929700972,94.2130392660001,-22.929845575190853,field_471
356.4201235101469,16.081267273724517,249.56362188474145,-22.48887170517286,field_472
246.769478455812,21.70591319044017,139.0713441577944,-16.965717035808282,field_473
64.64440080783156,26.638948290681324,269.20009651757863,38.5074435462573,field_474
159.34105446042207,17.607494684842212,94.754550565163,55.14873313341214,field_475
154.78090237597664,24.955617022612216,105.7709920747402,61.377706406348594,field_476
310.4664232505488,-19.330858760041124,236.01709076149493,-79.57833260235695,field_477
276.4351534614025,-17.869469419501762,118.05192535260213,-63.89599979515984,field_478
155.58064270252464,19.936842098446466,96.39615818547038,59.309583844867504,field_479
144.91887843861156,28.38868179651845,111.69062527024002,70.52939436929375,field_480
183.70826217213704,-26.93029080892414,65.15069467464399,10.420620506788786,field_481
345.9702958121723,-22.00435453768238,285.0730273787301,-50.710058625766045,field_482
261.7626121282771,25.99970907092438,152.5993512689043,-23.719808631162884,field_483
277.6642310299069,22.16323640463077,164.01126814842695,-34.98427405664064,field_484
250.00689247999173,-24.25669169707994,93.8752689926706,-42.570646877841845,field_485
98.3075418431881,-27.16301660782312,347.298693252818,30.774123236012823,field_486
168.81605254346985,19.454735179957712,102.61644215737516,47.39430190262509,field_487
98.63611435571195,-29.66534717483762,348.8225559216808,28.6308666955118,field_488
240.4126213571389,21.547325725375728,135.20539206056006,-12.387072507172368,field_489
62.91691099476961,-16.72942392398528,312.6267703703816,17.14016094785258,field_490
297.7926844257976,-19.95929229690102,158.48284895914722,-81.42424470353549,field_491
9.160064370702424,25.32892564163733,249.3890652550164,-7.42256942431253,field_492
139.4934530739373,-16.873741971939154,34.8169793011107,43.15570473972114,field_493
32.36177175525867,15.35351633505133,268.8816740484761,6.441724247422714,field_494
332.2909540710042,-27.05234210066397,289.49977479122066,-63.92235751754379,field_495
271.3798505693376,-17.87364301931632,113.84398705844468,-59.51502654058869,field_496
309.45976184357573,23.74422250565138,200.52628797567664,-38.73850185358548,field_497
236.70003280857125,-29.607514070976272,83.4777029676562,-32.48940944345756,field_498
259.0073880909382,-28.27213887726921,90.64043412887686,-51.309173253997024,field_499
207.67560229022155,-27.786384593275585,75.7063132212462,-8.07315021566591,field_500
197.48384060462385,-25.527235398719828,73.30784006258249,0.9980373003858858,field_501
175.4184012974049,-15.211810269379995,69.62863005892467,23.78610561222024,field_502
153.5142858335718,-26.09597190644776,44.41394869533722,29.17683408243233,field_503
24.265848009535645,-19.93855084476676,297.2767726722662,-16.35316998449263,field_504
5.47799857168505,21.437361974796268,250.61962340584807,-12.43162812175682,field_505
347.234923730911,28.88624149117314,233.37452255256835,-19.71893791110993,field_506
237.46599466725544,-27.676934596776565,85.89810985238577,-32.620178837529174,field_507
9.394171305808449,-17.752684300868097,289.2594535746998,-28.52411055840882,field_508
136.8547159937116,16.685254884079605,66.70218345193558,73.41342647853605,field_509
253.44020233004736,-20.85267672691173,99.63578508485598,-44.63175278508068,field_510
298.6983989477462,-15.532551461448994,173.26508938056693,-77.7552808504735,field_511
195.15595732945104,-22.051280271821067,75.17037909334407,4.625395369992728,field_512
25.626883268741125,29.325756338583208,253.5013314517889,7.161562656330805,field_513
350.8449857169641,-24.61297592276946,290.69181467623366,-47.07395939588307,field_514
256.3004207743924,19.218675820641227,143.47297698602216,-25.27645480221133,field_515
301.4399399734993,-27.377120679830654,91.89143834910465,-88.6505009273028,field_516
53.92910771007136,19.10029082157688,274.0430980763813,26.779248392139625,field_517
229.0120919510292,15.060379534157,123.69981792587464,-6.866849901746882,field_518
81.39270587396304,17.040016067931987,288.759502343179,50.4019617067293,field_519
236.1562106561447,28.05651583887597,138.30393914673076,-5.465115347931605,field_520
84.27770589511508,-15.17072582186635,326.58386831600933,33.46777495010675,field_521
189.0554267087892,20.80334550200825,112.39274755648334,29.913998319223644,field_522
14.766594115892854,25.59264795697112,251.9697675545972,-3.053526801512965,field_523
87.00986078278896,25.871264529170364,276.7940336565968,57.936651373560736,field_524
332.6417551875124,-21.420685266910866,277.4547661719336,-62.39111063774991,field_525
65.31235986919434,-27.096183196723626,322.4961925436046,12.510365389094051,field_526
68.46133554506427,21.200684761498056,277.228891874009,40.32232755846759,field_527
231.9900126559663,19.011195980535955,128.5912004128237,-7.250968945202547,field_528
145.96364373572996,19.860271084359624,88.77459168858259,67.70491504959955,field_529
149.4287690696437,-19.65218079193451,44.43458323497588,36.637919525750746,field_530
164.7061140896707,-21.285233186427515,56.98749205608952,26.931702512640467,field_531
100.6484475121808,-15.131126886695393,343.077563579686,42.527754960847176,field_532
331.9501282649321,22.828230137544924,224.95684881409176,-32.710617299138185,field_533
123.48344836354232,27.892820263047494,160.3756352931164,89.09234230718032,field_534
166.40916189287205,-16.24788314716029,62.23493347834683,29.501256899991795,field_535
228.3750000400388,23.30034881277536,130.4969679294833,-2.137300586488999,field_536
39.0577940895936,-24.65646419363743,307.55315348768204,-5.964459368586292,field_537
299.8926239545819,-26.95203175860759,105.89210489518918,-87.28727386080085,field_538
236.77552457474096,-21.941518949076173,92.07668191942464,-30.271186786803632,field_539
290.7908673709403,-17.50733654770769,140.98242424998676,-75.22857257251775,field_540
221.9172070764936,22.499396622753192,126.86359803119392,2.640781923825376,field_541
271.6493177715734,24.49503453223976,159.71488715787785,-30.20432018595188,field_542
299.9634736446316,-17.055421230642636,177.00400496238612,-79.55979848530843,field_543
254.0462243409563,-23.51908504352077,96.23540255356848,-45.93652633276984,field_544
273.4779619067645,24.547276095383666,161.39462646005995,-31.029595731899065,field_545
59.944569250627936,18.67236514077738,276.8578304881078,31.933251151038235,field_546
98.24011397365948,-21.97760609138312,344.48668621954295,35.39453970424791,field_547
12.509069579058847,18.81590123257173,256.59875164853867,-8.446949344842798,field_548
19.5547926363789,15.224665802432629,263.1921250181844,-4.5274765594679005,field_549
180.12291435046723,-16.943032783302407,71.20352823958113,19.17272252233597,field_550
74.34546948929676,-15.94197077302821,319.4046708606098,26.15707494970356,field_551
322.97690216535955,27.710687778904383,213.7971131112336,-31.88041431875316,field_552
306.06172633575494,21.36127923483656,196.74730534584063,-41.41594454928211,field_553
296.45504767267295,27.114705412065128,185.78393470064955,-35.40085609915908,field_554
3.3016566759617305,26.021042696253847,245.65382412606985,-11.26620925383767,field_555
151.8417273213063,29.075472656448163,114.05720509938692,64.48738838047493,field_556
279.13606516469514,20.762367563855324,164.72721719308225,-36.8557605591306,field_557
159.90975108688775,29.22997055832805,115.39461200127592,57.47061073344052,field_558
63.39643979336146,17.665172690142644,279.3905540745545,34.63323190073925,field_559
62.76134138529708,21.570006021686744,274.6590267146124,35.40355800865533,field_560
299.3359207197738,26.367769157024338,188.85639736002912,-36.39215241273899,field_561
231.6629988360436,-17.03174882545382,95.2686472289408,-24.00541352351007,field_562
109.38134487631538,-17.88334816096389,355.07531188314005,43.10884193206452,field_563
350.6430773188623,19.6025955383056,242.72164136943064,-24.27755295381664,field_564
127.6739018118938,-24.102816390122427,18.39770083559592,38.56487556640754,field_565
301.2134149120532,25.51346532191547,190.9088759087118,-37.33224743123733,field_566
179.3450029009581,28.641853078144585,118.5385077471709,40.59170199297861,field_567
17.480605900146223,-15.42319318478538,290.19312502717,-20.47743718123922,field_568
110.09719883777797,-21.49102500420638,357.2481280483636,39.81934285763237,field_569
249.5615867064044,24.638057257380314,143.14557545653045,-17.01172936331585,field_570
196.41167129142008,-17.91923482580776,79.33002668447533,5.767980296084198,field_571
357.0358553843461,22.93545312417464,244.3777896100245,-17.629968453551324,field_572
161.23159365130857,-15.113742961594616,58.87365389184762,33.737870182490944,field_573
135.74056516285464,15.26129657497031,60.5478331593745,73.18864434445754,field_574
334.8396153832623,28.338710986758407,224.22531348208943,-26.648823742016063,field_575
320.24685384839097,-15.733703149022425,251.0516654364946,-70.29986162712562,field_576
331.35413762288533,17.395926491458532,227.85519106559852,-37.63186359164191,field_577
159.6695131553052,21.12739417088778,100.79986723894224,56.06135252397223,field_578
20.42877412092741,-26.83524318392176,302.6621498282961,-22.19561237376337,field_579
127.6765648255493,27.95022721136424,115.00581836079829,85.71371836198381,field_580
23.328941027535283,-19.65212533784618,296.6361432623107,-17.0478975478552,field_581
312.41505103794987,26.615852291806743,203.28172131169464,-35.48705774690901,field_582
173.95565854695968,-27.11553790798202,59.17328981277456,16.884401226982497,field_583
105.2203237533231,-18.409230660470687,350.2520630570668,41.33159657984777,field_584
94.27029291052084,-29.8966273293036,345.1138629559371,26.726649371550664,field_585
266.2359889429389,-15.11012688978964,114.7027997048516,-53.88156804057125,field_586
144.62331796924016,-22.454592373132897,37.89029414804292,36.16440837319695,field_587
56.2735521176386,-17.690683991197385,309.6964214931804,11.384131163667616,field_588
307.2301330797519,-16.918126121735384,215.0223148069805,-79.04282031931125,field_589
345.71255685640267,-20.64062938616456,282.9076823788268,-50.53579790998162,field_590
263.86844170107963,29.88180819034056,156.79870501796216,-21.8380238339429,field_591
125.0366073059608,18.462583750840256,25.902178745370488,81.12038830417674,field_592
73.8311805322216,-26.644767560119217,327.4482810628919,18.44129319537792,field_593
96.02740864603447,-27.795873662531047,345.534752469872,29.30412638499165,field_594
140.06219560059318,29.384944449961008,115.381746229051,74.75755622863058,field_595
36.0606696126149,-15.61804333271006,298.1871077914117,-4.357501567679187,field_596
310.0284450018322,21.63979404293663,201.5782925023852,-40.75090291746196,field_597
252.3229079102971,25.167753276684167,145.33468890277024,-18.49732141002487,field_598
14.101813532401817,-28.91965693414308,302.8612492869591,-28.16030205239993,field_599
40.08739718400775,-29.01061173694391,311.8749550802023,-7.133966147064908,field_600
23.362614498039584,24.66250510368411,256.6954068530915,3.199534969066407,field_601
100.7158303377879,26.08351751118596,280.8071038510566,70.13465721929593,field_602
270.76216104658283,26.83146910139876,160.37223330547226,-27.802700423410126,field_603
162.19512633585987,-26.302691633019386,51.453997670303245,24.561858797609297,field_604
275.52250250169845,-26.135927928266423,98.89571790033769,-65.52683669161809,field_605
164.42448396654729,-25.14468177333168,53.96567831769081,24.186995646475523,field_606
99.8945685437698,-20.580935941832355,345.4238239484798,37.33305937933633,field_607
311.40913292283034,22.52597163298973,203.0495489724441,-39.673899295439085,field_608
230.26127313637,-28.87658097153127,82.46008816917691,-26.89389704402589,field_609
304.5609207449479,26.8364503842862,194.65651488475456,-36.01256159282117,field_610
240.61868093910505,-24.089490760153176,90.9939606462341,-34.306761244611536,field_611
264.7207951433372,18.52371662184965,149.56287322120716,-31.21176614031,field_612
239.71740220156252,-19.32721266435598,96.04642949488505,-31.963907545946466,field_613
124.02167696942286,17.968135123626425,19.34605175316045,80.78493649914299,field_614
279.97286780657527,77.4798350424611,187.82477374833607,15.514929002031453,field_615
85.51483921256843,24.90416266657711,278.0578867031769,56.4232352371595,field_616
296.74027175809266,51.8482256068141,188.96975664010827,-10.836376404317354,field_617
347.6697112954799,65.55695651785798,210.0017106428563,8.831112289692806,field_618
350.1364010057616,48.990238580132704,221.68662132525893,-3.0194667372615247,field_619
163.2417290702324,21.41950641284864,102.98508651292276,52.96950429051374,field_620
219.25528659406007,57.832200980187984,158.70966339228886,19.499544093402765,field_621
279.1895452577448,-24.743262947790196,103.88801281386417,-68.54811594138317,field_622
230.9808041132649,75.31880846387926,177.81838364700224,21.79037335515189,field_623
259.926562626101,18.676945203000265,145.78138601136283,-28.06968583001741,field_624
12.613148676517431,-47.21758279925331,323.4448187504357,-32.9953048963826,field_625
107.44180952010458,45.51988959434856,222.63128466815368,67.86087181788047,field_626
21.06449707754691,37.92570366653691,244.04473593606252,7.810351125835624,field_627
308.5419393313916,22.41156726136701,199.65109282710137,-40.16407457778072,field_628
134.22745003493068,26.46081412746945,101.63710737026835,79.89863743878207,field_629
244.7452625681149,53.14829390254308,162.1002200081899,4.789587668101816,field_630
92.26078175758684,75.78701520183277,202.1401619567864,39.048190686256845,field_631
125.12923745489712,-70.90998530776169,13.585115797862692,-8.050620964025416,field_632
3.3885972291489885,-53.645598018443984,331.3880851153914,-38.85609595825383,field_633
129.0001617737891,25.59579677538126,88.48198738061878,84.35173733866785,field_634
341.67390540415573,-55.63454125256279,339.3684102379041,-50.19512186440771,field_635
78.44364328740801,-28.631938537016296,332.0362552444053,19.802172153187392,field_636
330.3980589602115,55.85323111708349,207.89724839025155,-3.7774454700836766,field_637
11.485319918362102,50.095230494184925,229.9533624966167,8.107784964496622,field_638
23.430433335305217,-27.466575881320303,304.3022067874817,-19.91751731065331,field_639
226.73843967881623,-22.33533334460933,88.04532643793223,-21.699695983147528,field_640
314.5728395806339,-19.57853968618834,250.0528231033004,-76.92728925163728,field_641
3.1376636293625504,-38.42863239620439,311.7841756740295,-39.03848021572659,field_642
268.76780531781753,61.19748502538957,177.14585638091768,2.5664397690527383,field_643
292.62282156094443,-29.89491080632622,83.45470600732878,-80.53237511267722,field_644
27.25828062201602,-44.46861590752141,322.6412815738917,-22.47094255339492,field_645
236.3239204549048,-23.16922590640826,90.57532586464067,-30.28161976551497,field_646
183.3343920300665,29.82061625863796,121.00187379315248,37.45358714707598,field_647
172.75802093869794,50.73005346715383,148.97212647250353,45.76020160288096,field_648
344.00669217518384,39.0920276174567,224.4881414286861,-13.485259236911611,field_649
0.0043320850146333,-64.70524892128768,345.69016039184635,-38.24105393527153,field_650
88.91233235708988,60.76640889209005,217.6325164047552,49.30238625934502,field_651
256.40376404817005,28.6533028131576,150.64802336009325,-18.58292324390993,field_652
116.84953792321672,16.28306677469132,344.148859955779,77.77673825087032,field_653
99.7186882981714,47.352190727453525,228.6267873835704,62.81497493805892,field_654
330.6786293325416,62.77554693786684,205.16955748258133,2.587056027039408,field_655
88.0112527912765,-15.651098146800624,330.29161511103666,35.42732610793526,field_656
164.9108942196349,-21.78309142265829,56.77625024083208,26.43318203504334,field_657
91.07736581574233,-23.20205232692019,338.39055741525203,31.00823348800142,field_658
136.55998493390382,-27.88990246758837,27.31235018637664,33.44733702378346,field_659
217.633978307416,29.610155867945195,131.45010807043278,9.315519277678009,field_660
278.0563534850009,-18.62315781337013,117.9930990673378,-65.61005525316783,field_661
24.45029884598922,32.02006293877896,250.6193729213933,7.496999442084776,field_662
246.99062850743283,68.25272097224435,174.43184851065922,13.818963926422256,field_663
197.3736350624971,-20.473733548629145,77.5977059612063,3.677442284811628,field_664
49.67497899297261,-57.00328716212538,340.3396550940139,-14.052321280661207,field_665
35.55115891377063,17.515109780114205,268.26892894685454,10.137853429121815,field_666
54.64319853041013,-35.22222154816622,323.4849279228255,0.3420093201314291,field_668
244.8378056176712,-24.80117537483347,91.51893286526004,-38.18987273090534,field_670
85.55721187668598,-74.05225026678494,2.955962802825252,-14.12909651138606,field_671
204.79869092036176,-16.902660441124755,84.16582417114874,-0.6935095661247196,field_672
200.38753851638492,66.50781691995361,166.25095733204017,29.68584120904358,field_673
26.185395918365213,-42.67386269216227,320.5378852439909,-22.70254111819423,field_674
302.2950637497855,60.25579692029434,192.54319497238384,-2.6143874735642463,field_675
145.9150173713273,38.0196041442728,138.11809561594558,67.86997968861255,field_676
52.15355605667704,-26.43363297558816,314.9698223163361,3.404521726539736,field_677
68.73122111997372,-62.18427979978973,350.3130313986804,-9.228407810184892,field_678
176.6304493434579,-30.765741539422567,58.07846224826313,12.679715511331992,field_679
256.3287747299112,-53.1440328518391,52.59939070797575,-47.02179907174902,field_680
354.5778447723629,75.18098780028063,204.99498893032765,17.43170574154476,field_681
314.923140624616,69.54601129379311,197.05493406044195,7.065909093373716,field_682
179.65500620432184,-39.533404580437306,53.19097074491943,4.955108073687096,field_683
38.44079783773519,25.912981183498285,261.53216534661635,16.0285436103239,field_684
328.7566105162715,-57.706693483323065,349.2731405580445,-54.43418227166286,field_685
131.36974591906258,17.011699728125095,52.24168053955289,77.22358543857884,field_686
81.57163568379421,67.79820559351691,212.6298068637108,42.42253256631674,field_687
314.07547044435427,42.69642017267266,201.522129619793,-19.42432963894236,field_688
49.08900663332566,-15.71162795479212,304.3023850420937,6.599401631445006,field_689
85.0968576550153,40.10317291833672,250.4509869017055,56.23903882965838,field_690
214.3437283268565,-38.66606116604748,67.82410955859362,-17.578420438154215,field_691
203.01213926833745,24.62124669265753,121.34496909891432,19.22927673538676,field_692
345.216503513987,45.80370258784868,221.1001605383276,-7.589778541402908,field_693
163.16615996049595,15.06917449117018,93.32582260530742,50.76979923686051,field_694
46.42490684827457,-25.607972406694632,311.5859285377929,-0.5627309314052307,field_695
273.8043636362604,-40.49583880886735,66.24476587943406,-62.5381674282718,field_696
72.58826704108148,23.980141306116806,275.1020739935481,44.77067362567465,field_697
63.26275075674538,-26.06858486955909,320.499839806106,11.73202511715198,field_698
157.362484554292,-35.61055952711409,42.015139983238,19.34705836670039,field_699
122.49388902521252,-17.461206322787426,12.264295106068976,45.40851766045407,field_700
348.2111190818049,-24.401716951274533,289.5137170686148,-49.34818146808999,field_701
51.48938775152576,-18.26427717487224,307.6992938551227,7.242477479180979,field_702
304.0410718102025,58.27666262218693,193.44454424345477,-4.590046164598593,field_703
240.98621039303865,-39.14288093793014,72.83929905791216,-37.76857911537893,field_704
39.349766908636425,26.91510754627287,260.8917861252857,17.16447077604369,field_705
31.77127441053864,-58.14389529666842,337.76838327600973,-23.379307472420106,field_706
347.9263348598605,21.94772425340961,238.93016102896243,-24.41451972219621,field_707
69.94709467668234,-64.2456480954029,352.2148083006814,-10.246176363888903,field_708
29.48402160660425,36.90719779553759,247.9798286633965,13.357655527869191,field_709
96.9784903007509,-42.4676575036213,353.19387239923657,16.405303666046247,field_710
234.046986484728,-29.357016682183065,83.03290852908272,-30.197682262864213,field_711
196.8398083240778,-26.039146975358825,72.56999487593352,1.2307245500862365,field_712
250.82094378717036,-27.638560194333447,89.59779197732226,-44.08548947639107,field_713
346.71530797305434,-31.707798628817653,300.5450865877431,-51.8402046370782,field_714
99.97975070331142,-42.94309725107211,355.5091177348656,16.814319528426065,field_715
84.10552626526807,-16.356196061174376,327.3742529607567,32.47122088037442,field_716
304.4419396124921,-33.00642095114188,0.6981542804090188,-83.97856746591873,field_717
80.7164894249212,30.77815199173749,266.8833475731242,53.095999175703874,field_718
248.00626784112816,46.52246722019604,158.57891859618562,-1.2039885552013097,field_719
55.25806931221418,-64.50301185311984,348.4609414744359,-15.428777378883176,field_720
73.29532901600888,-56.25155425919786,347.76971253388785,-3.3786049357331014,field_721
24.335601697287707,83.51645981946847,199.99399957187129,25.97928968150275,field_722
269.8148503565909,34.54826482506732,164.08085147985906,-20.816214114921003,field_723
64.82858235048556,-24.70273140733252,320.3116418756682,13.689798753463313,field_724
44.73385568997253,-70.40792228450384,352.18325138456703,-21.62597586029156,field_725
80.9306186071667,-59.59864796698513,353.0308749510605,-3.3591414812045914,field_726
12.175823175764098,-24.518442008111585,297.5034222069531,-28.43683634420617,field_727
91.58370661489532,37.34279052565463,253.75446862251655,61.74654066129837,field_728
240.78769431165952,-29.907657275234715,84.18236382464684,-36.00259536282322,field_729
273.5708690234669,-36.39125057303616,75.05740361899015,-63.499821766813945,field_730
81.36518913598206,-52.93693741314653,349.2711028931009,2.146555188640068,field_731
220.2658521571948,52.75815102446781,153.95428347893915,17.112534874155756,field_732
328.41219035470283,-46.98299574293962,334.4295632056785,-61.82383900985875,field_733
194.9798261808049,-30.679068038353336,67.76167495406234,0.1870300281505109,field_734
134.62023224743055,-25.14841073623117,26.050486599414384,36.52289349609633,field_735
4.7522252033638335,37.26319981356385,237.50585500931007,-3.348118680699101,field_736
298.55437002767576,54.46467683226194,190.2898085661996,-8.319683410367656,field_737
293.9621499768881,23.251605381234835,182.25563351125317,-38.880263033693375,field_738
28.699242392239125,16.064851475889895,266.64831201287126,3.6154732110948378,field_739
61.80310716377934,-19.673811743896348,314.4420283864624,14.54407246013463,field_740
301.73365159955995,20.756564377943995,191.34924199524136,-42.10112899714437,field_741
203.097700390252,37.092377052871406,133.98722229355528,23.344339483374576,field_742
125.92159689637133,-31.527367558816085,15.841128988855464,31.27513849293665,field_743
52.20106662796803,70.10284148680516,215.1001127258924,31.91902077269604,field_744
35.46686733012961,-24.398902725455752,305.84996110419144,-8.77260705507325,field_745
255.62372042270292,15.942861332655172,140.33137363098675,-27.06493418256995,field_746
342.31357174541233,-17.648367150074385,276.6263035903764,-52.5393250347292,field_747
269.2984795654275,-61.61359673622045,36.46768052686368,-48.88932849998945,field_748
134.00856447268248,-51.19228808814917,19.90675479818502,11.072193717872905,field_749
273.05183001535335,-19.144275244525765,112.6998677512044,-61.46717571964307,field_750
25.586464486466923,57.7091508415079,226.92781339585048,18.946068201377443,field_751
223.86433282235225,33.54637312399646,137.42983369349824,6.390737979542437,field_752
259.4570510243321,-21.500464286965304,101.22047703876665,-50.17677627351599,field_753
15.051102883642644,-81.42763149764546,3.483967171554553,-29.447211301537507,field_754
142.2870545749077,-20.305058889647068,36.43394345886139,38.996557471890014,field_755
58.081976443869,21.30476515860796,273.2480593242944,31.202218713412325,field_756
99.38991059195708,63.091178497011,209.5096226770829,50.88419823423271,field_757
81.54119639273206,52.94506892551096,231.1794081446749,50.01704407928478,field_758
109.68621490982952,18.06262850006581,316.69659264056384,74.7960709870803,field_759
49.044017203902456,46.005885065577054,243.24254608817992,29.97310077683689,field_760
249.93002073547876,-35.432463836763446,78.66514961073419,-44.48700349425945,field_761
19.03183271406892,66.42379291062805,217.1689490027358,19.415027792215724,field_762
209.31778829281475,45.79717412705792,144.4686297510968,21.46902580715734,field_763
64.70212630760919,-48.46918057061328,338.5304181504412,-1.757111217966927,field_764
182.40888620128263,37.62366422315929,130.67008445411304,39.52207331909606,field_765
101.34678127263366,15.22528788721169,309.1545997731619,66.67530995115452,field_766
133.2276759537454,-32.93472667106744,22.749132839136365,29.144932952816205,field_767
44.03923606482383,-41.76904008434144,324.83311040606503,-10.12916626553171,field_768
47.03911165419502,37.94737014294262,251.85341445832137,26.83749720090946,field_769
303.9891323355791,-66.63964774998048,12.200702049882675,-50.48319387225363,field_770
141.19147682930495,-21.60316143041528,34.60688978912451,38.16468355944893,field_771
61.04249231719791,18.102473190578,277.92917781558737,32.70172211044872,field_772
288.42446463138026,37.87665627432389,180.3994289421921,-23.587026050215385,field_773
327.6463068221576,-20.56648653257424,271.9893265770121,-66.50931119875789,field_774
298.6478917511528,-52.49244534254859,18.90934570697364,-64.43404972987634,field_775
257.0583333720804,-24.74598576298944,95.49779176741148,-48.90501556384134,field_776
35.7723554358144,26.033267344220096,260.43712209410364,13.872163789047113,field_777
328.7884478496759,-45.44796188355543,331.4019466099085,-62.47513147060906,field_778
208.07256461967592,57.50417708967702,156.6029252342573,25.156587739607428,field_779
324.099162630201,-49.832087519050816,343.0059302189203,-62.101765161170256,field_780
202.8852618728609,40.77192023110584,137.79849877390276,24.541964692921955,field_781
3.5443586878878675,-35.74485741903884,308.424911626122,-38.377273184555776,field_782
357.9261706067732,82.73896599973652,199.3082432901576,22.817600868427444,field_783
47.66322109754565,-46.09167970018477,329.952930950049,-9.878823922889667,field_784
249.34905278687427,-70.0072347632605,33.159025323498895,-37.52791770926775,field_785
120.3437708570242,-21.686686866740946,9.66645665463078,41.12086942972869,field_786
64.87335273932749,-58.00662311150794,345.86551910437214,-7.889194365136021,field_787
50.61515946183163,53.62448084964176,234.54936271491977,31.834312500234542,field_788
109.3875382191737,70.72922780854933,199.21618312069177,45.72449502366354,field_789
220.9156322033526,-84.65420227890101,18.84331799550592,-27.74368623462457,field_790
336.8157787014901,24.801642963040624,228.0770970976156,-28.64746054437907,field_791
73.04576143978558,-23.78969808183894,324.7573854056012,19.923726866244607,field_792
43.05965261608029,-17.12042761090611,302.6549871909443,0.878416676303795,field_793
141.18863864865182,-38.448741146085936,28.2295940599896,22.23364501888964,field_794
250.03412159124576,58.422609783837,168.02052535536976,6.161618057540279,field_795
340.188131928247,48.260114340216255,216.848065066476,-7.547969215522195,field_796
58.81769798567257,-20.89457314795009,313.7777858615854,11.55868807194476,field_797
165.13679006134006,73.51557507760698,178.73565164451546,38.631455129341376,field_798
100.3908784703079,-30.743705062019814,350.8949041228551,28.253786147846565,field_799
73.65602663848026,-37.82729728034004,335.38340633975486,10.3104456087644,field_800
111.00097080019152,32.62689400122585,251.97998173092057,78.29534793563542,field_801
286.41944534811154,39.71389659704293,179.2771098067443,-21.40946301053101,field_802
33.424571486387755,-44.06123316807144,323.72728957699445,-18.15594210553581,field_803
312.846904131144,46.0159825442571,200.01635957437512,-16.30391518417836,field_804
300.1375371912182,-63.51359119862048,14.957708057256696,-53.56909903409518,field_805
245.44567915525244,74.38006391457219,179.04107519747032,18.07973423839781,field_806
106.49313269774314,-58.85503830435126,4.432044312752263,2.93662270254907,field_807
59.80312679662453,-65.14704242981513,350.1124146979122,-14.163368353917551,field_808
330.81886461773394,30.955298352058527,219.39055040783765,-26.10709144579744,field_809
25.713048138706608,29.68285830336571,253.21539190879088,7.391118052894538,field_810
170.80850559222338,65.82296876298184,168.9955820657488,41.335625600146834,field_811
129.68259111687854,70.90763159073241,189.6834474084092,46.05374071385928,field_812
57.50318970207946,-32.682657169207,322.76605886731505,3.741863404101293,field_813
348.4496733466858,25.94600000328466,236.3327511062744,-21.176694262950388,field_814
78.82253226969942,-26.599259701009714,330.8609666645255,21.544431798267016,field_815
256.2409462977899,49.61170062662,164.69198659270347,-2.7658685711637707,field_816
316.46717773079155,49.84854983419109,201.73774742189013,-12.087593843047989,field_817
51.66739741267085,37.229345064047465,253.63515361650707,30.23075649928168,field_819
285.43967313485905,-49.18520387117917,39.63686116013966,-64.14641920993571,field_820
77.58457097463145,-63.65982527001146,354.2940300494998,-7.533846194618736,field_821
344.1420110476521,23.580989494906675,234.8666945362746,-25.54460670589765,field_822
29.828883643428952,-16.025839372912436,295.8824423752468,-9.915065925486497,field_823
230.77083047404287,61.55278674261758,164.75491139118117,15.72703083996925,field_824
220.84064834616643,27.687864682825523,130.99923275656664,5.9372412880816805,field_825
172.8258537741719,-78.82696067554926,21.913794149052485,-19.64824539563584,field_826
59.46951479391848,55.16447755054781,232.62476739119987,36.97069147092465,field_827
90.71465587544724,35.72350541859904,257.3588306496708,61.3449265153569,field_828
262.95023972155604,16.723992403473538,146.6890487230433,-31.459349084911626,field_829
345.1322453049468,56.829813484561086,214.42716135493632,1.2008588403304388,field_830
333.28875336247665,-31.559448124445524,299.7224277703665,-63.25727399314483,field_831
265.46396358098474,42.92636586809622,165.77796158467697,-11.9278297288823,field_832
84.12546953567639,-83.98856794947521,8.78916897557928,-22.385983612588475,field_833
275.2209997907999,-44.19057249564997,58.07621693540055,-61.98129334189392,field_834
107.03239904292562,-40.38079050682799,359.9525018938496,20.89163362642585,field_835
101.288859209799,30.051911912556594,268.9888623342393,70.80210581616866,field_836
276.26454184272234,45.86147375076555,174.14225301612177,-13.09786382273592,field_837
246.88353564355052,84.6518127639033,188.0022919245458,24.05852321617696,field_838
98.31382564241878,-42.60103304553648,354.1913215285609,16.673055947112946,field_839
58.87190837956699,63.93855605194379,221.88893970659183,35.49676929370452,field_840
37.049891821891165,-64.35470577823992,344.99384434373525,-22.544746030942648,field_841
176.17736182213267,81.36787594092574,184.70245936694752,32.05615144875009,field_842
299.91047949868164,-28.339868833113396,77.78852135711224,-87.06415287357305,field_843
116.37240353449324,23.19099142391071,314.9794311486679,82.87804442927921,field_844
214.538423690044,-29.479867826175507,76.73025886445491,-14.24792562161195,field_845
65.39089685432049,16.085079216179615,282.0510498431565,35.823490112799455,field_846
115.82618826146296,-24.910506060936456,4.728393770013495,37.51208332912973,field_847
250.3129390627672,43.812667335953726,157.76080007540943,-4.256530294263282,field_848
180.56259766677363,50.1972133481002,147.1505882989482,40.94437459415928,field_849
313.430820070385,47.61464023235391,200.15396273374603,-14.661429357403636,field_850
298.13781488999706,-63.215870392303934,16.513497874547003,-53.77611886160023,field_851
107.19134650525156,51.12036263254407,215.0553817624612,63.20849172611249,field_852
10.47387472553623,-61.05463744162557,340.077561721566,-34.30275059679359,field_853
231.5449040214881,15.61341812678149,125.4473312243732,-8.67637600103,field_854
312.908012351193,20.141190320113623,205.4518445718876,-41.75278520899701,field_855
306.1934842466884,23.49001710023933,196.7249299952906,-39.28379414073312,field_856
5.323224711435159,-65.68930893407548,346.11932657533487,-35.827603888132565,field_857
65.64669962407936,-24.791602300303747,320.8663473088359,14.209518212319184,field_858
101.49182000396743,18.93531389508792,300.9074580777924,68.6760931940532,field_859
114.2766768291857,38.22863558080729,223.8770542034761,76.7375731763447,field_860
29.39685709353284,-20.831239960668377,300.1407362834942,-12.324275797070843,field_861
131.8206718292557,47.553759316112185,176.38745166550595,68.42126033141564,field_862
325.4305389449719,-27.36335783519816,288.72713240974804,-70.02348338999111,field_863
44.17976744651671,46.54357693495274,241.9344261181026,26.76915097974828,field_864
281.655640554993,-59.463254256124,31.370753216720328,-54.49988274386579,field_865
20.467028015512906,-43.57254222957739,320.32442369525955,-26.96661089156913,field_866
22.77049706953534,-15.269231615153096,292.2346499633641,-15.756901918851122,field_867
154.42228069765468,24.0988983796224,103.87510236178912,61.51669681584072,field_868
347.9614025757153,-28.793502096933555,296.1319756337286,-50.43040545525242,field_869
78.03033396274762,-61.08876803988388,352.8121509821132,-5.416019217468088,field_870
341.30626258582566,-24.47172372403517,287.242469709477,-55.48059638161119,field_871
15.507586114054522,82.08949640607803,201.15759558636884,24.517234468284755,field_872
319.7415563988545,-39.55242583960975,328.7685425648375,-71.30890026621529,field_873
203.51562836007372,-60.32633196040874,43.94086029786273,-18.91112864285556,field_874
296.0070515644093,-35.829872505337846,45.26718325044662,-79.4908720929207,field_875
173.45335904701443,-80.04971577432543,21.049429086360792,-20.56994128257095,field_876
90.50834891737912,-42.80016002580118,348.94362112671445,13.968872034687204,field_877
303.87750115709576,-28.485525906958323,341.43631697153404,-88.40573474913924,field_878
122.74418078281172,-63.50250612933197,12.775715408541242,-0.6308794480210677,field_879
262.9285745964417,51.40838342621511,169.16059410113877,-3.947453658903296,field_880
343.84454698549075,-51.98208825679888,333.3361692555376,-50.666953633123,field_881
329.3774153438844,-25.960365565119183,286.07829506221617,-66.3566496552288,field_882
183.45751781239463,24.93924059344317,115.13961436792944,36.11028862498724,field_883
86.54722427688442,30.99550153536169,267.0851390542748,58.102687829911545,field_884
284.872234216683,43.223777146610416,179.14149284981326,-17.715469161320584,field_885
16.391752435657768,-20.67478848193412,294.989634793526,-23.45586012402419,field_886
323.98875408917263,55.01898719170697,204.81058278251672,-5.886414563539152,field_887
203.6561965260973,35.422232217874246,132.40909285489948,22.40726175311912,field_888
5.81725300791172,54.6653926723859,224.17267762191952,7.896766758587595,field_889
187.1673829500531,49.4107447675789,145.88482287416505,36.724709685985566,field_890
177.75151615317137,87.64911892948749,190.67384138772687,28.46575069163937,field_891
76.64470936999506,32.50966998290619,263.6325313268904,49.79256501423514,field_892
222.52215166793755,-19.465023216901628,89.25737416022044,-16.962527209941218,field_893
0.5663370963593373,64.85805456791454,214.3947537634912,12.14384354383362,field_894
84.21855163199885,-20.89646777294084,330.8997747465713,29.086363220587312,field_895
189.70611480976817,-36.03200876918121,60.86772337005986,0.8938733165797105,field_896
71.69145093668251,37.07719613247094,256.4606837733954,46.008245358763496,field_897
87.73291007747284,25.994469098017078,276.7831540920593,58.59843810344986,field_898
157.10516556820892,88.12320177794884,191.65804164671977,28.67587831187786,field_899
20.03119511137519,69.35160217386988,214.44705305914408,20.893006691468788,field_900
74.9514169937979,48.25787712103806,239.8836638524662,47.4650631810408,field_901
26.510805903459257,-48.40449355909787,326.6183439643524,-24.021760079748358,field_902
287.4332709461331,-41.28046085529562,50.86656256878781,-70.96671668877832,field_903
180.8970660409784,26.599679013500083,116.37711174721552,38.776409494412135,field_904
94.1555305022379,24.905653574993945,281.2467789219027,64.10029218138702,field_905
286.8403521395945,-51.2256686170276,35.33938856774079,-63.001098728425866,field_906
55.82836402903223,17.697569435134724,276.25984390818024,27.93654016279652,field_907
311.75197913933744,-39.590359048200746,344.6139906416591,-75.54148487047533,field_908
165.9683619324788,-66.74632419226437,28.705357582280108,-9.329925537684312,field_909
202.22828686028612,-58.32948176013488,45.61394646054262,-17.535284225451356,field_910
112.40865569684094,-15.761720962999547,358.2268824602982,45.9106800841703,field_911
87.50871650258452,24.59727366235899,279.3212197925644,58.1281316612306,field_912
99.60642982532369,-30.812728191639295,350.22320932959127,27.925392516848248,field_913
129.57244206308127,16.805804058118145,44.990624637695085,77.98666678325398,field_914
205.19004175168743,-43.03501732229006,60.85393388729695,-12.917712502021423,field_915
11.068833019111736,17.719446363425906,256.7839747130964,-10.19027810232291,field_916
138.87166123763024,15.637997054355424,68.2772608155236,71.26355491298028,field_917
122.8345754484365,17.50681989511793,12.304060249707096,80.37814879888967,field_918
226.74229309181464,-39.295975538029,70.32417451582042,-26.948999762540105,field_919
312.695558559812,37.09142503181919,201.4523871833808,-25.127828089798893,field_920
278.15019834368604,29.03092885147957,168.0786793004651,-29.02734466379856,field_921
356.893553168321,47.96412996646859,225.6445542160245,-0.6836693735260198,field_922
149.7356858001702,17.12526379046594,86.45390488813189,63.30551257498992,field_923
77.27246840800821,-20.45387726022334,325.15304491640813,25.053867039306677,field_924
331.8791716555238,71.64817919818809,201.7845916859528,10.812033147155796,field_925
293.2155290296905,31.58490565457738,183.2482129100717,-30.560467603057216,field_926
329.00327565122177,25.269991405502715,220.7692170292975,-31.88909568061041,field_927
75.85211731280579,24.88400188277234,274.9068395215557,47.87363771440971,field_928
168.91256826023042,72.02412520114237,176.3498934212269,38.65215368403705,field_929
116.4660749934584,-36.96895859550554,7.133092050209811,25.615049997965656,field_930
162.45923644476656,-41.83712870896635,41.8529131602148,11.964149550863644,field_931
261.8730182854326,-23.94310677818838,98.38825165342678,-52.97626918720519,field_932
260.95767877512657,-25.349026191601983,95.81640087709,-52.48293170505962,field_933
229.41711914102908,-45.03559200482086,64.39745049070456,-30.072683252208357,field_934
122.11254768600315,-57.8622511581413,12.42195269304088,5.006713319161411,field_935
80.69868924532554,40.67453632922922,250.4202426334364,52.84116476250491,field_936
168.375874702327,-15.150984944991825,64.65077764185573,28.9168188129274,field_937
269.5398350187198,-38.138142474842674,72.83359300871314,-60.001839343762,field_938
66.03272715584963,33.59467700673399,260.6416053424363,41.08332847372124,field_939
37.81061701803824,-59.63700726001814,340.2592115323713,-20.80456878282007,field_940
46.42386750405904,36.94876507331119,252.78859431940631,26.106055918110837,field_941
167.22207339539426,-34.25988522106347,49.68397655289342,15.654413712871476,field_942
128.26991989858632,47.602332916316335,182.7302633529841,69.10378401907934,field_943
331.0054642469921,-72.06448998499717,1.5226591640682925,-42.5044524087985,field_944
74.92969093055424,-30.1242071444519,330.7257285197705,16.631642979030097,field_945
137.07116925130248,45.15202124327429,164.5002013405535,68.73511441971722,field_946
7.703162428731889,58.15789242495916,221.9274929045914,10.790995192560947,field_947
21.54391573290383,59.44614544148775,224.39193559660376,17.658276272586846,field_948
301.59875609844846,-27.12663766865365,102.63344050522188,-88.81349720455914,field_949
33.57672233952297,31.575719923933224,254.4058908067121,14.317638849458106,field_950
284.88336323357294,-55.75364238678345,32.38337848078993,-58.55336261830679,field_951
142.69843654018842,49.55947898944973,164.05778865595738,62.913858117649006,field_952
52.30611949542861,68.9695289056537,216.4181003708471,32.11106843251666,field_953
354.573817921034,64.01559363632268,213.25530930371,9.666377446320444,field_954
50.76153295195829,43.85007264681023,245.9369540233419,30.824531165127937,field_955
307.41099315796623,-19.518271378402336,222.1688342608652,-81.35193567979694,field_956
261.9145598426104,-61.08625132232024,40.2383308767579,-46.3701621268424,field_957
24.88655702302183,29.53797706908339,253.01333125061484,6.686068358447639,field_958
223.71481050122577,60.41955466460991,162.14066074147772,18.322032796824438,field_959
155.87637312191188,-59.75192343437478,28.76144876498932,-1.012324838323821,field_960
319.4571402308781,-32.40952432090671,307.0646285176201,-74.73523749654747,field_961
222.48356843275928,-48.55112544217702,59.4732316976414,-26.074484855599245,field_962
237.8917733413839,86.17742943789209,189.0210423545507,25.46323962593892,field_963
170.80199663119777,-41.24367004712524,47.18347806228161,8.527906738553378,field_964
1.843772255478968,37.08792687688974,236.17565937269265,-5.256370391273695,field_965
138.3617715062428,53.50928397893474,173.650000451675,61.25662954871813,field_966
106.68438226845733,-53.71886806904317,3.2365133234193,7.93421284478888,field_967
197.83533553410084,71.35240345149326,171.88501766680562,30.4084927109522,field_968
172.97071476426797,-34.101276440903256,53.42173286436848,12.5722759474242,field_969
320.1858648605688,48.63458614399973,204.44989366962184,-12.677834826258673,field_970
53.11584331904213,-69.90640275712038,352.94074712713467,-18.82819709990051,field_971
25.20764835589368,43.28312389262016,240.62911840248535,13.034880144811346,field_972
172.49776766253467,25.998155058024924,113.1577966113543,45.946393663777975,field_973
44.91616792708909,15.246524427938263,274.2618118586637,17.34991626542461,field_974
259.59038240914964,51.54159906243385,167.56233808697507,-2.6079903611753847,field_975
77.60553365866079,65.73700530740598,216.1254025918994,42.28595906243187,field_976
87.46393157032233,44.86040797490957,241.3079802321596,56.660686354927904,field_977
220.4131469094664,54.930844667046784,156.09669210453364,17.855948075092215,field_978
283.9524730319132,-67.23154323151608,23.75708323012978,-48.2587814861346,field_979
245.44856643622825,29.51223085612529,144.46837783226192,-11.052783416282251,field_980
191.48222182979669,-15.749493303089553,78.68768168650972,10.921721125232818,field_981
158.02996334981088,24.7939878081098,106.64529292905206,58.458345681519226,field_982
356.1048999911284,-40.78419322196276,314.56488400584544,-44.56971450112525,field_983
224.21959237375052,38.325903849932274,141.81201193346388,8.40157274734521,field_984
330.72899439945496,28.256550591073005,220.73425201874613,-28.528759480929693,field_985
53.77398275507624,76.82359853847804,207.2617547089147,31.07500639347546,field_986
286.22498611662525,-74.26377610673156,18.888637996564277,-42.07305777606072,field_987
265.357820376147,19.71003153181783,150.98528304656358,-30.681271832082093,field_988
55.448895099654536,23.62275174929055,269.77961698799936,29.66881476458416,field_989
332.7853169876741,52.94858241949001,210.40578213801808,-5.806467399922879,field_990
357.88742100817336,21.615052724660497,245.9697238757398,-17.886680684617993,field_991
78.03393223181001,-64.52193328365263,355.0007816149124,-8.073741627062688,field_992
17.272881216658767,-32.03094488400516,307.1080594532661,-26.45479091835201,field_993
176.31088428277636,-24.548898043232175,62.64850964330231,17.065134468484793,field_994
288.0824891299521,39.179064337313406,180.4640487215448,-22.258761149253036,field_995
236.714273893846,73.04815328443554,176.43192133648884,19.36152862758276,field_996
340.0357604311385,-22.972007854539864,284.1507156044289,-56.25061727147388,field_997
122.58364380821246,71.91183769360016,193.01298247066453,45.21599827714388,field_998
172.1673765805869,22.608749455134436,108.35655485094786,45.37813764316808,field_999
136.16777647479287,-21.06243709825541,29.088111193002817,40.13504109246434,field_1000
184.63606011584997,-44.37687025725476,51.86867297303224,-0.995016537133278,field_1001
212.0653148790417,46.78648802039888,146.10334773380393,19.9707886636535,field_1002
223.77426079386316,-18.24154511396668,90.92689440611612,-17.561755452836042,field_1003
309.01982421282247,-19.862629579151665,231.66104665125908,-80.84080522945348,field_1004
342.0621640091883,-24.489696387981667,287.5414691700942,-54.81396419265104,field_1005
289.9902862581591,-35.050115764855924,64.07986511333115,-76.39728393970088,field_1006
315.0179797515428,38.202290977997,203.21101628596804,-23.695782935657952,field_1007
124.12359251699584,54.44212196288073,191.3499045999272,62.67215549677472,field_1008
114.81231455044755,-66.50061221201761,9.623747821316815,-3.833124176380886,field_1009
317.3955246749127,-27.7657356878408,289.03505819263046,-77.1560176371595,field_1010
333.2822272574454,38.09126813842829,217.7079507519246,-18.853419709049284,field_1011
136.56577604483772,37.25605746614686,147.62269481427924,74.67826969115724,field_1012
