Name,RA,Dec,Dist,M_V,R_eff_kpc,Type,vhel,vhelerr,resolve,sigma,serr_low,serr_up,serr_95
Aqr3,357.22,-3.49,85.50667128846841,-2.5,0.05164822195714657,G,-13.201,1.01,0,-999.0,-999.0,-999.0,3.613
Boo1,210.0200348,14.5135002,66.37430704019089,-6.02,0.19223580162039558,G,101.867,0.479,1,3.205,0.44799999999999995,0.4929999999999999,-999.0
Boo2,209.5141296,12.855278,41.68693834703355,-2.9400000000000013,0.0382529340914957,G,-128.394,0.724,1,1.96,0.619,0.7770000000000001,-999.0
Boo3,209.3,26.8,46.55860935229591,-5.74,0.5480546303160814,G,190.022,1.848,1,5.242,1.7040000000000002,2.138,-999.0
CB,186.7454224,23.9069176,42.26686142656025,-4.289999999999999,0.06914340712657881,G,93.545,0.632,1,3.337,0.4530000000000003,0.5519999999999996,-999.0
CVn1,202.009079,33.5520821,210.86281499332887,-8.73,0.43616579893501095,G,30.516,0.546,1,7.65,0.41300000000000026,0.45199999999999996,-999.0
CVn2,194.2926636,34.3226395,159.9558028614668,-5.17,0.07032695013943979,G,-131.807,1.231,1,5.233,0.9609999999999994,1.194,-999.0
Col1,82.85696,-28.04253,182.8100216142741,-4.199999999999999,0.11647924809512332,G,149.024,2.187,1,5.761,1.6669999999999998,2.406999999999999,-999.0
Dra,260.0684509,57.9184723,81.54550000611157,-8.866999999999999,0.22923610157410904,G,-292.229,0.328,1,9.621,0.2270000000000003,0.25099999999999945,-999.0
Dra2,238.2,64.57,21.57744409152669,-0.8000000000000025,0.01869683367927167,G,-342.282,0.704,0,-999.0,-999.0,-999.0,2.661
Eri,66.18533,-21.1875553,84.68373413222396,-5.418999999999999,0.015722262406095255,GC,-18.385,0.291,0,-999.0,-999.0,-999.0,0.881
Eri4,76.438,-9.515,69.82324040771705,-3.549999999999999,0.06532974754512384,G,-34.348,1.254,1,4.507,0.8729999999999998,1.1720000000000006,-999.0
For,39.9583359,-34.4997215,142.5607593602188,-13.393,0.8251639331623785,G,53.904,0.459,1,11.743,0.32399999999999984,0.32699999999999996,-999.0
Herc,247.7722015,12.7851944,130.61708881318404,-5.806999999999999,0.21309214717161068,G,43.301,1.026,1,5.968,0.8709999999999996,0.9779999999999998,-999.0
Hyd2,185.4251251,-31.9860287,151.35612484362073,-5.099999999999998,0.06637733727647435,G,304.731,1.009,0,-999.0,-999.0,-999.0,4.156
K2,119.5714951,26.2573981,34.673685045253166,-0.9199999999999982,0.004423300672087354,U,108.236,1.29,0,-999.0,-999.0,-999.0,5.14
Leo1,152.1145782,12.3059168,258.22601906345955,-11.819999999999999,0.2740226763693318,G,285.86,0.362,1,9.301,0.26699999999999946,0.27699999999999925,-999.0
Leo2,168.3626556,22.1528606,208.9296130854041,-9.480000000000002,0.15300242756072158,G,78.81,0.511,1,7.519,0.33999999999999986,0.3979999999999997,-999.0
Leo4,173.240509,-0.543056,151.35612484362073,-4.949999999999999,0.11136581809138209,G,129.757,0.953,1,3.297,0.6760000000000002,0.8539999999999996,-999.0
Leo5,172.785675,2.219389,169.04409316432634,-4.400000000000002,0.048659517904327675,G,170.413,1.513,1,3.466,1.0330000000000004,1.54,-999.0
Leo6,171.073,24.87,111.1731727281592,-3.5599999999999987,0.13345422667484969,G,169.986,1.791,1,3.751,1.3489999999999998,2.0500000000000003,-999.0
LeoT,143.7291718,17.0482216,413.04750199016104,-7.979999999999999,0.16603052297638846,G,36.077,1.228,1,6.769,0.9630000000000001,1.112,-999.0
N1904,81.04958,-24.52472,13.079766770089323,-7.673,0.0025872299493513652,GC,206.383,0.32,1,4.271,0.23599999999999977,0.25400000000000045,-999.0
N2419,114.5354156,38.8818626,88.47080928705319,-9.384000000000002,0.021853610756373043,GC,-20.562,0.331,1,4.153,0.24299999999999944,0.26500000000000057,-999.0
N288,13.197706,-26.589901,8.986694950475266,-6.758000000000001,0.00582949561901095,GC,-43.402,0.17,1,3.375,0.1419999999999999,0.14100000000000001,-999.0
N4590,189.8667,-26.743039,10.403991770513517,-7.246,0.0044488058377734506,GC,-93.539,0.25,1,2.894,0.17799999999999994,0.20699999999999985,-999.0
N5024,198.23013,18.1691,18.501204347718588,-8.695999999999998,0.006458138629039584,GC,-63.937,0.545,1,4.183,0.4099999999999997,0.4500000000000002,-999.0
N5053,199.1124,17.6977,17.5388050184176,-6.329999999999998,0.012397450724686019,GC,42.463,0.178,0,-999.0,-999.0,-999.0,1.254
N5272,205.54677,28.37545,10.176536626205333,-8.678,0.0034042696860606715,GC,-148.008,0.274,1,3.237,0.2110000000000003,0.21999999999999975,-999.0
N5634,217.405335,-5.97643,25.95374300988093,-7.711000000000002,0.004605279065512002,GC,-17.871,0.362,1,2.855,0.2650000000000001,0.30600000000000005,-999.0
N5824,225.9943,-33.0685,31.710274389478915,-9.106,0.0045198310075924755,GC,-26.736,2.834,1,8.38,1.9250000000000007,2.8629999999999995,-999.0
N5897,229.35165,-21.01012,12.54873649930482,-7.293000000000001,0.007629084115918958,GC,101.249,0.25,1,2.855,0.19899999999999984,0.22100000000000009,-999.0
N5904,229.6406,2.08268,7.4782503504556495,-8.509,0.003524042454404515,GC,54.621,0.414,1,4.217,0.3139999999999996,0.3390000000000004,-999.0
N6205,250.42345,36.4613,7.419933277899435,-8.602,0.003474977470400022,GC,-245.916,0.431,1,5.041,0.3050000000000006,0.3409999999999993,-999.0
N6218,251.810484,-1.947821,5.109754090546759,-7.042,0.0027200520018423272,GC,-39.764,1.004,1,4.835,0.7510000000000003,0.9180000000000001,-999.0
N6229,251.745249,47.52779,30.102322206633794,-8.093,0.0035865276381337467,GC,-139.361,0.644,1,2.519,0.4900000000000002,0.6239999999999997,-999.0
N6254,254.287461,-4.099326,5.06757284177282,-7.773999999999999,0.002992417288039502,GC,73.343,1.862,1,6.21,1.2389999999999999,1.6799999999999997,-999.0
N6341,259.28029,43.136523,8.4996295944962,-8.197,0.0020274024621934252,GC,-120.289,0.297,1,4.344,0.242,0.242,-999.0
N6366,261.9347,-5.0766,3.4434993076333846,-6.025,0.003786325244625903,GC,-120.601,0.832,1,3.297,0.6060000000000003,0.7419999999999995,-999.0
N6624,275.919042,-30.361278,8.02047334800666,-7.361000000000001,0.001703134621142559,GC,55.538,0.351,1,3.075,0.2530000000000001,0.2959999999999998,-999.0
N6656,279.10085,-23.9034,3.3036954103681486,-8.585,0.003180929992066209,GC,-146.291,0.856,1,7.08,0.6139999999999999,0.7030000000000003,-999.0
N6715,283.763875,-30.479861,26.278465408384932,-9.998,0.003592724992690735,GC,142.318,0.968,1,6.259,0.6640000000000006,0.7669999999999995,-999.0
N6779,289.147941,30.184501,10.427975448505068,-7.741,0.0029727075962612485,GC,-133.573,0.442,1,4.552,0.3229999999999995,0.36900000000000066,-999.0
N6838,298.442121,18.778402,4.001289735406987,-6.6209999999999996,0.0033171948099324717,GC,-21.566,0.575,1,2.394,0.42800000000000016,0.532,-999.0
N6864,301.520167,-21.922222,20.52106991451269,-8.541,0.003208808799967383,GC,-186.08,0.535,1,4.798,0.40000000000000036,0.45399999999999974,-999.0
N7006,315.3721619,16.1870842,39.318776931469685,-7.502999999999998,0.00434620006363848,GC,-383.151,0.457,1,2.901,0.35399999999999965,0.39800000000000013,-999.0
N7078,322.4932,12.1668,10.710259659660709,-9.178999999999998,0.002025067360383239,GC,-105.157,0.251,1,5.53,0.18700000000000028,0.19899999999999984,-999.0
N7089,323.362552,-0.823318,11.6949939101987,-9.05,0.0030617422460048013,GC,-2.628,0.244,1,6.218,0.16999999999999993,0.18900000000000006,-999.0
N7099,325.09176,-23.17907,8.456682000993546,-7.355999999999999,0.0025337475508804027,GC,-185.046,0.18,1,3.186,0.14100000000000001,0.14700000000000024,-999.0
N7492,347.110199,-15.6108055,24.38933730278913,-5.885999999999999,0.009074295271478853,GC,-175.425,0.46,1,1.731,0.43900000000000006,0.4959999999999998,-999.0
Pal13,346.685812,12.7712498,23.474697253405996,-3.1430000000000007,0.007761539304106129,GC,26.059,0.235,0,-999.0,-999.0,-999.0,1.486
Pal14,242.754425,14.9584446,73.5868139651044,-5.2940000000000005,0.029054606862065777,GC,72.994,0.419,0,-999.0,-999.0,-999.0,1.542
Pal2,71.5247955,31.3816948,26.169775679700713,-8.278999999999998,0.008489854781376475,GC,-111.669,1.262,1,4.316,0.8839999999999999,1.1509999999999998,-999.0
Pal5,229.022,-0.1113,21.93814991897908,-4.936,0.02046894809763789,GC,-58.246,0.561,1,2.579,0.7350000000000001,0.7069999999999999,-999.0
Pal7,272.684441,-7.207595,4.55407312683254,-6.702,0.003205837341072786,GC,158.15,1.41,1,4.938,0.9559999999999995,1.3940000000000001,-999.0
Peg3,336.1,5.41,214.7830474130533,-4.170000000000002,0.10357046660439397,G,-259.982,1.082,1,2.78,0.9269999999999998,1.1830000000000003,-999.0
Peg4,328.539,26.62,89.94975815300347,-4.25,0.04163193157751107,G,-271.311,1.138,1,3.365,0.9200000000000004,1.2269999999999994,-999.0
Pisc2,344.6364583,5.9555444,182.8100216142741,-4.279999999999998,0.07096950604514726,G,-227.773,1.61,1,3.569,1.2650000000000001,1.7830000000000004,-999.0
Scl,15.0183334,-33.7186127,83.94599865193982,-10.770000000000001,0.2726813385739052,G,110.666,0.443,1,8.664,0.3200000000000003,0.3290000000000006,-999.0
Seg1,151.750366,16.0755825,22.90867652767775,-1.3000000000000007,0.02389993223996954,G,203.079,0.832,1,3.982,0.8650000000000002,0.9649999999999999,-999.0
Seg2,34.8225822,20.1625,36.475394692560734,-1.9499999999999993,0.03971170477803673,G,-41.184,0.443,0,-999.0,-999.0,-999.0,2.069
Seg3,320.3794861,19.1178055,16.904409316432634,-0.060000000000002274,0.0021134569623660502,GC,-165.499,0.8,0,-999.0,-999.0,-999.0,3.136
Sext,153.2628326,-1.6133056,85.90135215053961,-8.720000000000002,0.5686479510424147,G,221.873,0.617,1,8.682,0.4800000000000004,0.5389999999999997,-999.0
Sgr,284.0951655,-30.5498868,26.302679918953814,-13.500000000000002,2.6084356416020635,G,142.591,0.907,1,7.763,0.6109999999999998,0.6850000000000005,-999.0
Sgr2,298.17,-22.07,63.97348354826482,-5.210000000000001,0.034348645177826716,GC,-176.059,0.625,1,2.91,0.5510000000000002,0.6619999999999999,-999.0
Ter5,267.00208,-24.779166,6.616068605559991,-9.083,0.0017705734374743951,GC,-80.622,2.315,1,13.806,1.5859999999999985,1.8190000000000008,-999.0
UMa1,158.7705841,51.947979,97.27472237769662,-5.140000000000001,0.23449953873825954,G,-58.571,1.355,1,7.092,0.9969999999999999,1.2790000000000008,-999.0
UMa2,132.8726349,63.1335297,34.673685045253166,-4.42,0.13883324888449247,G,-117.911,1.177,1,6.392,0.9370000000000003,1.085,-999.0
UMi,227.2419586,67.2221375,70.14552984199713,-8.860000000000001,0.37332762534738684,G,-246.17,0.331,1,8.871,0.24900000000000055,0.2519999999999989,-999.0
UNI1,174.708,31.0711,10.0,2.1999999999999993,0.002571985708157684,U,89.63,0.896,0,-999.0,-999.0,-999.0,4.346
W1,162.3436279,51.0500832,38.01893963205613,-2.5299999999999994,0.02742844978198358,G,-13.182,1.091,1,5.475,0.9459999999999997,1.1100000000000003,-999.0
